8,50,1000,0.0,0.0,77.0,4.3333335
8,60,1000,0.0,0.0,36.666668,4.0
8,70,1000,0.0,0.0,49.333332,4.6666665
8,80,1000,0.0,0.0,29.0,3.3333333
8,90,1000,0.0,0.0,31.0,4.0
8,100,1000,0.0,0.0,27.666666,3.0
8,50,1800,0.0,0.0,19.0,3.3333333
8,60,1800,0.0,0.0,21.666666,3.6666667
8,70,1800,0.0,0.0,28.333334,4.3333335
8,80,1800,0.0,0.0,32.0,3.6666667
8,90,1800,0.0,0.0,41.666668,3.6666667
8,100,1800,0.0,0.0,40.333332,3.6666667
8,50,2600,0.0,0.0,17.0,3.3333333
8,60,2600,0.0,0.0,28.333334,3.3333333
8,70,2600,0.0,0.0,42.666668,4.0
8,80,2600,0.0,0.0,45.333332,3.6666667
8,90,2600,0.0,0.0,50.333332,3.0
8,100,2600,0.0,0.0,55.0,3.3333333
8,50,3400,0.0,0.0,36.0,3.6666667
8,60,3400,0.0,0.0,38.666668,4.0
8,70,3400,0.0,0.0,50.333332,4.3333335
8,80,3400,0.0,0.0,61.666668,4.0
8,90,3400,0.0,0.0,76.666664,3.3333333
8,100,3400,0.0,0.0,86.333336,3.0
8,50,4200,0.0,0.0,27.666666,4.0
8,60,4200,0.0,0.0,41.666668,4.3333335
8,70,4200,0.0,0.0,44.666668,4.0
8,80,4200,0.0,0.0,62.666668,3.6666667
8,90,4200,0.0,0.0,90.333336,4.0
8,100,4200,0.0,0.0,96.0,3.6666667
8,50,5000,0.0,0.0,37.333332,4.0
8,60,5000,0.0,0.0,40.0,3.3333333
8,70,5000,0.0,0.0,60.333332,3.3333333
8,80,5000,0.0,0.0,76.0,3.6666667
8,90,5000,0.0,0.0,89.0,3.6666667
8,100,5000,0.0,0.0,94.333336,3.3333333
8,50,1000,0.0,0.2,10.0,7.0
8,60,1000,0.0,0.2,19.666666,8.333333
8,70,1000,0.0,0.2,22.333334,8.666667
8,80,1000,0.0,0.2,27.333334,7.3333335
8,90,1000,0.0,0.2,41.0,9.0
8,100,1000,0.0,0.2,36.333332,6.6666665
8,50,1800,0.0,0.2,17.666666,7.0
8,60,1800,0.0,0.2,34.0,6.0
8,70,1800,0.0,0.2,27.0,9.666667
8,80,1800,0.0,0.2,45.333332,8.333333
8,90,1800,0.0,0.2,72.0,6.3333335
8,100,1800,0.0,0.2,76.666664,9.666667
8,50,2600,0.0,0.2,48.666668,6.6666665
8,60,2600,0.0,0.2,34.0,9.0
8,70,2600,0.0,0.2,50.666668,7.3333335
8,80,2600,0.0,0.2,68.333336,9.0
8,90,2600,0.0,0.2,64.333336,5.6666665
8,100,2600,0.0,0.2,78.666664,7.0
8,50,3400,0.0,0.2,47.0,9.0
8,60,3400,0.0,0.2,35.333332,9.333333
8,70,3400,0.0,0.2,51.333332,9.333333
8,80,3400,0.0,0.2,52.0,6.6666665
8,90,3400,0.0,0.2,68.0,9.333333
8,100,3400,0.0,0.2,88.0,7.6666665
8,50,4200,0.0,0.2,30.666666,4.6666665
8,60,4200,0.0,0.2,51.0,8.666667
8,70,4200,0.0,0.2,63.0,8.333333
8,80,4200,0.0,0.2,83.0,8.666667
8,90,4200,0.0,0.2,88.0,7.0
8,100,4200,0.0,0.2,101.0,6.3333335
8,50,5000,0.0,0.2,37.666668,9.0
8,60,5000,0.0,0.2,47.333332,8.0
8,70,5000,0.0,0.2,66.666664,8.0
8,80,5000,0.0,0.2,84.666664,7.3333335
8,90,5000,0.0,0.2,115.0,8.0
8,100,5000,0.0,0.2,124.333336,7.0
8,50,1000,0.0,0.4,9.666667,6.6666665
8,60,1000,0.0,0.4,12.666667,8.666667
8,70,1000,0.0,0.4,17.333334,9.0
8,80,1000,0.0,0.4,21.0,7.3333335
8,90,1000,0.0,0.4,31.0,9.666667
8,100,1000,0.0,0.4,36.0,7.3333335
8,50,1800,0.0,0.4,19.666666,7.3333335
8,60,1800,0.0,0.4,22.666666,7.6666665
8,70,1800,0.0,0.4,28.333334,8.666667
8,80,1800,0.0,0.4,38.0,8.666667
8,90,1800,0.0,0.4,40.666668,8.333333
8,100,1800,0.0,0.4,62.333332,5.6666665
8,50,2600,0.0,0.4,23.333334,6.3333335
8,60,2600,0.0,0.4,33.0,10.666667
8,70,2600,0.0,0.4,41.666668,7.3333335
8,80,2600,0.0,0.4,48.333332,6.0
8,90,2600,0.0,0.4,61.0,7.3333335
8,100,2600,0.0,0.4,53.666668,5.3333335
8,50,3400,0.0,0.4,28.666666,7.3333335
8,60,3400,0.0,0.4,41.0,7.6666665
8,70,3400,0.0,0.4,69.0,5.0
8,80,3400,0.0,0.4,66.333336,9.333333
8,90,3400,0.0,0.4,79.666664,6.0
8,100,3400,0.0,0.4,92.666664,8.0
8,50,4200,0.0,0.4,34.666668,7.6666665
8,60,4200,0.0,0.4,45.666668,6.6666665
8,70,4200,0.0,0.4,58.666668,7.3333335
8,80,4200,0.0,0.4,74.666664,7.3333335
8,90,4200,0.0,0.4,92.0,10.666667
8,100,4200,0.0,0.4,193.33333,6.0
8,50,5000,0.0,0.4,44.333332,4.6666665
8,60,5000,0.0,0.4,53.333332,8.333333
8,70,5000,0.0,0.4,69.0,6.6666665
8,80,5000,0.0,0.4,87.666664,5.0
8,90,5000,0.0,0.4,105.666664,9.666667
8,100,5000,0.0,0.4,132.0,7.3333335
8,50,1000,0.0,0.6,11.666667,8.333333
8,60,1000,0.0,0.6,13.333333,8.0
8,70,1000,0.0,0.6,19.666666,7.3333335
8,80,1000,0.0,0.6,25.666666,9.0
8,90,1000,0.0,0.6,33.666668,6.0
8,100,1000,0.0,0.6,46.333332,12.333333
8,50,1800,0.0,0.6,18.666666,8.333333
8,60,1800,0.0,0.6,24.666666,8.0
8,70,1800,0.0,0.6,39.0,7.3333335
8,80,1800,0.0,0.6,42.666668,9.0
8,90,1800,0.0,0.6,71.0,7.0
8,100,1800,0.0,0.6,56.666668,10.333333
8,50,2600,0.0,0.6,29.666666,12.0
8,60,2600,0.0,0.6,32.333332,7.3333335
8,70,2600,0.0,0.6,43.333332,10.666667
8,80,2600,0.0,0.6,52.333332,9.666667
8,90,2600,0.0,0.6,63.333332,7.6666665
8,100,2600,0.0,0.6,73.666664,6.6666665
8,50,3400,0.0,0.6,32.333332,8.0
8,60,3400,0.0,0.6,41.333332,7.0
8,70,3400,0.0,0.6,74.333336,8.333333
8,80,3400,0.0,0.6,82.666664,5.6666665
8,90,3400,0.0,0.6,78.0,10.0
8,100,3400,0.0,0.6,113.0,7.3333335
8,50,4200,0.0,0.6,39.0,7.6666665
8,60,4200,0.0,0.6,62.0,7.6666665
8,70,4200,0.0,0.6,63.666668,7.3333335
8,80,4200,0.0,0.6,74.333336,9.0
8,90,4200,0.0,0.6,93.666664,7.6666665
8,100,4200,0.0,0.6,140.33333,6.0
8,50,5000,0.0,0.6,68.333336,9.333333
8,60,5000,0.0,0.6,67.333336,8.666667
8,70,5000,0.0,0.6,74.0,6.0
8,80,5000,0.0,0.6,94.333336,9.0
8,90,5000,0.0,0.6,175.66667,9.0
8,100,5000,0.0,0.6,153.0,7.6666665
8,50,1000,0.0,0.8,11.333333,7.0
8,60,1000,0.0,0.8,17.666666,9.0
8,70,1000,0.0,0.8,26.0,7.3333335
8,80,1000,0.0,0.8,46.666668,9.0
8,90,1000,0.0,0.8,28.0,6.0
8,100,1000,0.0,0.8,56.666668,9.0
8,50,1800,0.0,0.8,21.666666,6.0
8,60,1800,0.0,0.8,30.333334,6.6666665
8,70,1800,0.0,0.8,34.666668,8.0
8,80,1800,0.0,0.8,41.0,6.3333335
8,90,1800,0.0,0.8,53.0,7.6666665
8,100,1800,0.0,0.8,65.666664,7.3333335
8,50,2600,0.0,0.8,25.333334,8.333333
8,60,2600,0.0,0.8,25.333334,6.6666665
8,70,2600,0.0,0.8,46.333332,8.333333
8,80,2600,0.0,0.8,58.666668,10.666667
8,90,2600,0.0,0.8,77.666664,7.6666665
8,100,2600,0.0,0.8,93.0,10.0
8,50,3400,0.0,0.8,41.0,5.6666665
8,60,3400,0.0,0.8,47.666668,10.0
8,70,3400,0.0,0.8,58.0,7.3333335
8,80,3400,0.0,0.8,57.333332,6.3333335
8,90,3400,0.0,0.8,85.666664,6.6666665
8,100,3400,0.0,0.8,99.666664,8.333333
8,50,4200,0.0,0.8,42.666668,6.3333335
8,60,4200,0.0,0.8,53.666668,9.0
8,70,4200,0.0,0.8,66.333336,7.0
8,80,4200,0.0,0.8,56.0,3.6666667
8,90,4200,0.0,0.8,102.666664,9.666667
8,100,4200,0.0,0.8,114.333336,7.3333335
8,50,5000,0.0,0.8,50.0,11.666667
8,60,5000,0.0,0.8,64.0,6.0
8,70,5000,0.0,0.8,85.333336,6.6666665
8,80,5000,0.0,0.8,103.666664,10.0
8,90,5000,0.0,0.8,124.0,8.333333
8,100,5000,0.0,0.8,147.0,8.666667
8,50,1000,0.0,1.0,14.666667,6.3333335
8,60,1000,0.0,1.0,16.666666,9.333333
8,70,1000,0.0,1.0,21.333334,6.3333335
8,80,1000,0.0,1.0,24.666666,9.0
8,90,1000,0.0,1.0,30.666666,6.0
8,100,1000,0.0,1.0,44.0,6.6666665
8,50,1800,0.0,1.0,21.333334,9.333333
8,60,1800,0.0,1.0,32.666668,8.0
8,70,1800,0.0,1.0,37.666668,7.3333335
8,80,1800,0.0,1.0,47.666668,6.6666665
8,90,1800,0.0,1.0,53.666668,7.0
8,100,1800,0.0,1.0,64.0,8.0
8,50,2600,0.0,1.0,28.333334,8.333333
8,60,2600,0.0,1.0,40.0,8.0
8,70,2600,0.0,1.0,53.0,8.333333
8,80,2600,0.0,1.0,63.333332,7.6666665
8,90,2600,0.0,1.0,68.333336,9.0
8,100,2600,0.0,1.0,80.333336,9.333333
8,50,3400,0.0,1.0,28.0,6.0
8,60,3400,0.0,1.0,49.0,8.0
8,70,3400,0.0,1.0,64.333336,8.0
8,80,3400,0.0,1.0,70.666664,9.0
8,90,3400,0.0,1.0,85.0,8.333333
8,100,3400,0.0,1.0,115.333336,6.3333335
8,50,4200,0.0,1.0,48.666668,6.6666665
8,60,4200,0.0,1.0,60.333332,8.333333
8,70,4200,0.0,1.0,97.333336,9.0
8,80,4200,0.0,1.0,88.333336,8.0
8,90,4200,0.0,1.0,111.0,8.333333
8,100,4200,0.0,1.0,147.66667,8.0
8,50,5000,0.0,1.0,134.66667,7.3333335
8,60,5000,0.0,1.0,70.333336,6.0
8,70,5000,0.0,1.0,93.0,5.0
8,80,5000,0.0,1.0,139.0,7.0
8,90,5000,0.0,1.0,135.0,6.6666665
8,100,5000,0.0,1.0,164.0,7.0
8,50,1000,0.2,0.0,11.666667,2.3333333
8,60,1000,0.2,0.0,16.666666,2.0
8,70,1000,0.2,0.0,20.333334,2.0
8,80,1000,0.2,0.0,18.0,1.6666666
8,90,1000,0.2,0.0,23.0,1.3333334
8,100,1000,0.2,0.0,26.333334,2.0
8,50,1800,0.2,0.0,14.333333,3.0
8,60,1800,0.2,0.0,18.333334,2.0
8,70,1800,0.2,0.0,25.0,2.6666667
8,80,1800,0.2,0.0,34.666668,2.0
8,90,1800,0.2,0.0,42.0,1.6666666
8,100,1800,0.2,0.0,62.666668,2.6666667
8,50,2600,0.2,0.0,23.0,2.6666667
8,60,2600,0.2,0.0,27.333334,3.0
8,70,2600,0.2,0.0,35.666668,2.3333333
8,80,2600,0.2,0.0,45.666668,2.3333333
8,90,2600,0.2,0.0,50.0,2.3333333
8,100,2600,0.2,0.0,60.0,2.0
8,50,3400,0.2,0.0,40.0,2.6666667
8,60,3400,0.2,0.0,35.0,2.3333333
8,70,3400,0.2,0.0,43.0,2.0
8,80,3400,0.2,0.0,52.0,2.0
8,90,3400,0.2,0.0,61.333332,1.3333334
8,100,3400,0.2,0.0,50.0,1.0
8,50,4200,0.2,0.0,34.666668,2.3333333
8,60,4200,0.2,0.0,42.333332,2.6666667
8,70,4200,0.2,0.0,54.666668,2.3333333
8,80,4200,0.2,0.0,63.666668,2.0
8,90,4200,0.2,0.0,76.666664,2.0
8,100,4200,0.2,0.0,92.0,2.0
8,50,5000,0.2,0.0,46.666668,3.0
8,60,5000,0.2,0.0,59.0,2.0
8,70,5000,0.2,0.0,72.0,2.0
8,80,5000,0.2,0.0,76.0,2.3333333
8,90,5000,0.2,0.0,91.666664,3.0
8,100,5000,0.2,0.0,108.0,2.0
8,50,1000,0.2,0.2,54.0,1.0
8,60,1000,0.2,0.2,53.666668,2.0
8,70,1000,0.2,0.2,50.333332,0.33333334
8,80,1000,0.2,0.2,71.333336,1.6666666
8,90,1000,0.2,0.2,85.333336,0.6666667
8,100,1000,0.2,0.2,81.0,0.0
8,50,1800,0.2,0.2,73.333336,1.6666666
8,60,1800,0.2,0.2,99.0,0.6666667
8,70,1800,0.2,0.2,86.0,1.0
8,80,1800,0.2,0.2,24.333334,0.0
8,90,1800,0.2,0.2,148.0,2.6666667
8,100,1800,0.2,0.2,42.333332,0.0
8,50,2600,0.2,0.2,28.333334,0.0
8,60,2600,0.2,0.2,41.0,0.0
8,70,2600,0.2,0.2,8.333333,0.0
8,80,2600,0.2,0.2,134.66667,2.0
8,90,2600,0.2,0.2,46.333332,0.0
8,100,2600,0.2,0.2,55.0,0.0
8,50,3400,0.2,0.2,115.0,3.0
8,60,3400,0.2,0.2,228.0,1.0
8,70,3400,0.2,0.2,162.0,0.0
8,80,3400,0.2,0.2,228.0,0.6666667
8,90,3400,0.2,0.2,347.66666,0.33333334
8,100,3400,0.2,0.2,575.6667,0.0
8,50,4200,0.2,0.2,16.0,0.0
8,60,4200,0.2,0.2,60.0,0.0
8,70,4200,0.2,0.2,51.0,0.0
8,80,4200,0.2,0.2,103.666664,0.0
8,90,4200,0.2,0.2,261.66666,0.0
8,100,4200,0.2,0.2,328.0,0.0
8,50,5000,0.2,0.2,13.333333,0.0
8,60,5000,0.2,0.2,15.0,0.0
8,70,5000,0.2,0.2,45.0,0.0
8,80,5000,0.2,0.2,308.33334,0.0
8,90,5000,0.2,0.2,84.666664,0.0
8,100,5000,0.2,0.2,504.0,1.0
8,50,1000,0.2,0.4,56.666668,4.0
8,60,1000,0.2,0.4,98.333336,5.3333335
8,70,1000,0.2,0.4,134.33333,6.0
8,80,1000,0.2,0.4,179.0,4.3333335
8,90,1000,0.2,0.4,212.66667,4.0
8,100,1000,0.2,0.4,288.66666,4.6666665
8,50,1800,0.2,0.4,83.333336,3.0
8,60,1800,0.2,0.4,143.0,3.3333333
8,70,1800,0.2,0.4,237.0,3.6666667
8,80,1800,0.2,0.4,319.0,2.3333333
8,90,1800,0.2,0.4,387.33334,6.6666665
8,100,1800,0.2,0.4,510.0,4.6666665
8,50,2600,0.2,0.4,118.333336,2.6666667
8,60,2600,0.2,0.4,154.66667,3.0
8,70,2600,0.2,0.4,311.66666,4.0
8,80,2600,0.2,0.4,453.66666,5.0
8,90,2600,0.2,0.4,545.3333,6.0
8,100,2600,0.2,0.4,719.3333,3.6666667
8,50,3400,0.2,0.4,178.0,2.6666667
8,60,3400,0.2,0.4,296.33334,4.0
8,70,3400,0.2,0.4,447.0,5.3333335
8,80,3400,0.2,0.4,548.3333,4.6666665
8,90,3400,0.2,0.4,721.6667,5.6666665
8,100,3400,0.2,0.4,926.0,5.0
8,50,4200,0.2,0.4,226.33333,6.0
8,60,4200,0.2,0.4,346.33334,4.3333335
8,70,4200,0.2,0.4,571.3333,4.0
8,80,4200,0.2,0.4,804.3333,5.0
8,90,4200,0.2,0.4,1068.0,4.3333335
8,100,4200,0.2,0.4,1250.3334,5.6666665
8,50,5000,0.2,0.4,311.0,5.0
8,60,5000,0.2,0.4,607.3333,5.3333335
8,70,5000,0.2,0.4,595.0,4.6666665
8,80,5000,0.2,0.4,418.33334,2.0
8,90,5000,0.2,0.4,998.3333,5.3333335
8,100,5000,0.2,0.4,1338.0,5.0
8,50,1000,0.2,0.6,64.333336,6.3333335
8,60,1000,0.2,0.6,87.0,6.3333335
8,70,1000,0.2,0.6,126.666664,7.3333335
8,80,1000,0.2,0.6,160.33333,7.6666665
8,90,1000,0.2,0.6,210.0,6.0
8,100,1000,0.2,0.6,267.33334,6.3333335
8,50,1800,0.2,0.6,107.666664,6.3333335
8,60,1800,0.2,0.6,157.0,7.3333335
8,70,1800,0.2,0.6,229.0,6.0
8,80,1800,0.2,0.6,310.33334,6.3333335
8,90,1800,0.2,0.6,380.33334,6.3333335
8,100,1800,0.2,0.6,490.66666,5.6666665
8,50,2600,0.2,0.6,154.66667,5.3333335
8,60,2600,0.2,0.6,229.66667,6.0
8,70,2600,0.2,0.6,324.66666,7.0
8,80,2600,0.2,0.6,494.33334,6.3333335
8,90,2600,0.2,0.6,601.6667,6.3333335
8,100,2600,0.2,0.6,809.3333,6.6666665
8,50,3400,0.2,0.6,226.0,4.6666665
8,60,3400,0.2,0.6,369.0,7.0
8,70,3400,0.2,0.6,437.0,6.3333335
8,80,3400,0.2,0.6,676.6667,8.0
8,90,3400,0.2,0.6,713.0,5.3333335
8,100,3400,0.2,0.6,906.0,6.3333335
8,50,4200,0.2,0.6,237.66667,5.6666665
8,60,4200,0.2,0.6,366.66666,5.3333335
8,70,4200,0.2,0.6,517.6667,6.6666665
8,80,4200,0.2,0.6,772.3333,6.0
8,90,4200,0.2,0.6,941.6667,6.0
8,100,4200,0.2,0.6,1154.3334,7.0
8,50,5000,0.2,0.6,372.33334,8.0
8,60,5000,0.2,0.6,655.0,5.6666665
8,70,5000,0.2,0.6,625.6667,6.6666665
8,80,5000,0.2,0.6,816.3333,7.0
8,90,5000,0.2,0.6,1011.3333,6.6666665
8,100,5000,0.2,0.6,1422.3334,6.3333335
8,50,1000,0.2,0.8,72.666664,7.0
8,60,1000,0.2,0.8,94.666664,7.3333335
8,70,1000,0.2,0.8,146.33333,6.3333335
8,80,1000,0.2,0.8,201.33333,6.6666665
8,90,1000,0.2,0.8,262.66666,6.3333335
8,100,1000,0.2,0.8,357.33334,6.3333335
8,50,1800,0.2,0.8,141.66667,6.0
8,60,1800,0.2,0.8,189.0,8.0
8,70,1800,0.2,0.8,288.0,6.3333335
8,80,1800,0.2,0.8,361.66666,6.6666665
8,90,1800,0.2,0.8,528.0,8.0
8,100,1800,0.2,0.8,555.6667,7.6666665
8,50,2600,0.2,0.8,159.0,6.3333335
8,60,2600,0.2,0.8,264.0,6.3333335
8,70,2600,0.2,0.8,337.33334,7.0
8,80,2600,0.2,0.8,485.0,7.3333335
8,90,2600,0.2,0.8,602.6667,7.6666665
8,100,2600,0.2,0.8,875.0,10.666667
8,50,3400,0.2,0.8,245.33333,6.3333335
8,60,3400,0.2,0.8,320.0,6.3333335
8,70,3400,0.2,0.8,454.33334,7.0
8,80,3400,0.2,0.8,599.6667,7.0
8,90,3400,0.2,0.8,778.0,8.0
8,100,3400,0.2,0.8,1089.0,6.0
8,50,4200,0.2,0.8,299.66666,7.0
8,60,4200,0.2,0.8,437.66666,6.6666665
8,70,4200,0.2,0.8,613.6667,9.0
8,80,4200,0.2,0.8,763.3333,6.0
8,90,4200,0.2,0.8,1081.3334,7.3333335
8,100,4200,0.2,0.8,1291.3334,6.6666665
8,50,5000,0.2,0.8,311.66666,6.6666665
8,60,5000,0.2,0.8,533.3333,7.0
8,70,5000,0.2,0.8,673.3333,7.0
8,80,5000,0.2,0.8,974.6667,6.6666665
8,90,5000,0.2,0.8,1243.6666,6.6666665
8,100,5000,0.2,0.8,1503.3334,8.0
8,50,1000,0.2,1.0,63.666668,8.0
8,60,1000,0.2,1.0,121.333336,7.0
8,70,1000,0.2,1.0,153.66667,10.0
8,80,1000,0.2,1.0,205.0,8.333333
8,90,1000,0.2,1.0,246.66667,7.6666665
8,100,1000,0.2,1.0,295.66666,8.333333
8,50,1800,0.2,1.0,104.333336,6.3333335
8,60,1800,0.2,1.0,199.66667,8.333333
8,70,1800,0.2,1.0,264.33334,6.6666665
8,80,1800,0.2,1.0,325.33334,6.3333335
8,90,1800,0.2,1.0,384.66666,7.0
8,100,1800,0.2,1.0,505.0,7.6666665
8,50,2600,0.2,1.0,153.33333,8.333333
8,60,2600,0.2,1.0,235.33333,7.3333335
8,70,2600,0.2,1.0,334.0,7.3333335
8,80,2600,0.2,1.0,438.66666,7.3333335
8,90,2600,0.2,1.0,531.3333,7.3333335
8,100,2600,0.2,1.0,702.3333,7.6666665
8,50,3400,0.2,1.0,219.33333,7.3333335
8,60,3400,0.2,1.0,341.33334,8.666667
8,70,3400,0.2,1.0,413.66666,7.3333335
8,80,3400,0.2,1.0,640.6667,7.6666665
8,90,3400,0.2,1.0,744.3333,7.6666665
8,100,3400,0.2,1.0,871.0,6.3333335
8,50,4200,0.2,1.0,258.0,7.3333335
8,60,4200,0.2,1.0,363.66666,7.3333335
8,70,4200,0.2,1.0,495.66666,6.3333335
8,80,4200,0.2,1.0,664.0,6.3333335
8,90,4200,0.2,1.0,1106.6666,7.3333335
8,100,4200,0.2,1.0,1076.6666,7.3333335
8,50,5000,0.2,1.0,287.0,6.3333335
8,60,5000,0.2,1.0,440.0,6.6666665
8,70,5000,0.2,1.0,611.3333,7.0
8,80,5000,0.2,1.0,818.6667,7.3333335
8,90,5000,0.2,1.0,1020.0,6.3333335
8,100,5000,0.2,1.0,1302.0,8.0
8,50,1000,0.4,0.0,6.3333335,1.6666666
8,60,1000,0.4,0.0,12.0,2.3333333
8,70,1000,0.4,0.0,15.333333,1.6666666
8,80,1000,0.4,0.0,18.0,2.0
8,90,1000,0.4,0.0,21.333334,1.6666666
8,100,1000,0.4,0.0,24.333334,2.0
8,50,1800,0.4,0.0,15.333333,1.3333334
8,60,1800,0.4,0.0,19.333334,2.6666667
8,70,1800,0.4,0.0,25.333334,2.0
8,80,1800,0.4,0.0,30.333334,2.0
8,90,1800,0.4,0.0,36.666668,2.0
8,100,1800,0.4,0.0,43.0,1.6666666
8,50,2600,0.4,0.0,22.0,2.3333333
8,60,2600,0.4,0.0,29.0,2.6666667
8,70,2600,0.4,0.0,37.666668,2.0
8,80,2600,0.4,0.0,44.666668,2.0
8,90,2600,0.4,0.0,53.666668,1.6666666
8,100,2600,0.4,0.0,65.333336,1.6666666
8,50,3400,0.4,0.0,31.0,2.0
8,60,3400,0.4,0.0,38.333332,2.0
8,70,3400,0.4,0.0,50.0,2.3333333
8,80,3400,0.4,0.0,57.666668,1.6666666
8,90,3400,0.4,0.0,69.333336,1.6666666
8,100,3400,0.4,0.0,84.666664,1.3333334
8,50,4200,0.4,0.0,37.0,2.6666667
8,60,4200,0.4,0.0,47.0,2.0
8,70,4200,0.4,0.0,59.666668,2.0
8,80,4200,0.4,0.0,71.666664,1.6666666
8,90,4200,0.4,0.0,82.666664,2.3333333
8,100,4200,0.4,0.0,95.666664,1.6666666
8,50,5000,0.4,0.0,42.666668,2.3333333
8,60,5000,0.4,0.0,53.666668,2.6666667
8,70,5000,0.4,0.0,69.333336,2.0
8,80,5000,0.4,0.0,84.0,1.6666666
8,90,5000,0.4,0.0,100.666664,1.3333334
8,100,5000,0.4,0.0,121.666664,2.0
8,50,1000,0.4,0.2,37.333332,0.6666667
8,60,1000,0.4,0.2,39.0,0.33333334
8,70,1000,0.4,0.2,68.666664,0.33333334
8,80,1000,0.4,0.2,43.666668,0.0
8,90,1000,0.4,0.2,84.0,0.33333334
8,100,1000,0.4,0.2,78.333336,0.0
8,50,1800,0.4,0.2,33.666668,0.33333334
8,60,1800,0.4,0.2,46.0,0.0
8,70,1800,0.4,0.2,20.0,0.0
8,80,1800,0.4,0.2,52.333332,0.0
8,90,1800,0.4,0.2,172.33333,0.33333334
8,100,1800,0.4,0.2,225.33333,0.0
8,50,2600,0.4,0.2,5.3333335,0.0
8,60,2600,0.4,0.2,54.0,0.0
8,70,2600,0.4,0.2,6.6666665,0.0
8,80,2600,0.4,0.2,323.33334,0.6666667
8,90,2600,0.4,0.2,7.6666665,0.0
8,100,2600,0.4,0.2,111.333336,0.0
8,50,3400,0.4,0.2,7.0,0.0
8,60,3400,0.4,0.2,51.0,0.0
8,70,3400,0.4,0.2,40.333332,0.0
8,80,3400,0.4,0.2,224.33333,0.33333334
8,90,3400,0.4,0.2,231.33333,1.6666666
8,100,3400,0.4,0.2,69.333336,0.0
8,50,4200,0.4,0.2,64.0,0.0
8,60,4200,0.4,0.2,8.666667,0.0
8,70,4200,0.4,0.2,49.0,0.0
8,80,4200,0.4,0.2,113.0,0.0
8,90,4200,0.4,0.2,71.666664,0.0
8,100,4200,0.4,0.2,74.666664,0.0
8,50,5000,0.4,0.2,98.0,1.0
8,60,5000,0.4,0.2,150.66667,0.0
8,70,5000,0.4,0.2,4.3333335,0.0
8,80,5000,0.4,0.2,61.666668,0.0
8,90,5000,0.4,0.2,21.666666,0.0
8,100,5000,0.4,0.2,240.33333,0.0
8,50,1000,0.4,0.4,20.333334,1.3333334
8,60,1000,0.4,0.4,20.666666,0.0
8,70,1000,0.4,0.4,69.0,0.0
8,80,1000,0.4,0.4,22.0,0.0
8,90,1000,0.4,0.4,46.0,0.0
8,100,1000,0.4,0.4,30.333334,0.0
8,50,1800,0.4,0.4,25.0,0.0
8,60,1800,0.4,0.4,19.333334,0.0
8,70,1800,0.4,0.4,81.666664,0.0
8,80,1800,0.4,0.4,25.666666,0.0
8,90,1800,0.4,0.4,59.666668,0.0
8,100,1800,0.4,0.4,45.0,0.0
8,50,2600,0.4,0.4,21.333334,0.0
8,60,2600,0.4,0.4,89.0,0.0
8,70,2600,0.4,0.4,12.333333,0.0
8,80,2600,0.4,0.4,152.66667,0.0
8,90,2600,0.4,0.4,218.33333,0.33333334
8,100,2600,0.4,0.4,77.0,0.0
8,50,3400,0.4,0.4,26.333334,0.0
8,60,3400,0.4,0.4,9.666667,0.0
8,70,3400,0.4,0.4,97.666664,0.0
8,80,3400,0.4,0.4,167.66667,0.0
8,90,3400,0.4,0.4,9.0,0.0
8,100,3400,0.4,0.4,11.666667,0.0
8,50,4200,0.4,0.4,28.333334,0.0
8,60,4200,0.4,0.4,18.666666,0.0
8,70,4200,0.4,0.4,42.333332,0.0
8,80,4200,0.4,0.4,26.666666,0.0
8,90,4200,0.4,0.4,14.0,0.0
8,100,4200,0.4,0.4,80.0,0.0
8,50,5000,0.4,0.4,7.6666665,0.0
8,60,5000,0.4,0.4,55.0,0.0
8,70,5000,0.4,0.4,5.6666665,0.0
8,80,5000,0.4,0.4,36.333332,0.0
8,90,5000,0.4,0.4,422.66666,1.0
8,100,5000,0.4,0.4,63.0,0.0
8,50,1000,0.4,0.6,100.666664,1.6666666
8,60,1000,0.4,0.6,189.66667,3.0
8,70,1000,0.4,0.6,121.666664,2.3333333
8,80,1000,0.4,0.6,226.33333,2.6666667
8,90,1000,0.4,0.6,392.66666,4.3333335
8,100,1000,0.4,0.6,551.3333,3.0
8,50,1800,0.4,0.6,154.33333,3.6666667
8,60,1800,0.4,0.6,104.666664,2.0
8,70,1800,0.4,0.6,412.0,3.6666667
8,80,1800,0.4,0.6,360.66666,4.6666665
8,90,1800,0.4,0.6,577.3333,3.6666667
8,100,1800,0.4,0.6,587.3333,2.6666667
8,50,2600,0.4,0.6,49.666668,0.0
8,60,2600,0.4,0.6,188.33333,3.0
8,70,2600,0.4,0.6,321.66666,2.6666667
8,80,2600,0.4,0.6,351.0,1.6666666
8,90,2600,0.4,0.6,534.6667,3.3333333
8,100,2600,0.4,0.6,606.6667,4.0
8,50,3400,0.4,0.6,226.66667,2.0
8,60,3400,0.4,0.6,328.33334,4.0
8,70,3400,0.4,0.6,406.66666,2.3333333
8,80,3400,0.4,0.6,586.0,5.6666665
8,90,3400,0.4,0.6,721.6667,3.0
8,100,3400,0.4,0.6,965.6667,2.6666667
8,50,4200,0.4,0.6,200.0,0.33333334
8,60,4200,0.4,0.6,154.66667,0.0
8,70,4200,0.4,0.6,437.66666,1.3333334
8,80,4200,0.4,0.6,752.3333,3.0
8,90,4200,0.4,0.6,856.0,2.0
8,100,4200,0.4,0.6,1202.0,2.3333333
8,50,5000,0.4,0.6,164.33333,1.3333334
8,60,5000,0.4,0.6,368.66666,1.3333334
8,70,5000,0.4,0.6,488.0,1.6666666
8,80,5000,0.4,0.6,894.6667,2.6666667
8,90,5000,0.4,0.6,600.0,1.3333334
8,100,5000,0.4,0.6,1262.3334,2.0
8,50,1000,0.4,0.8,56.0,4.6666665
8,60,1000,0.4,0.8,85.0,4.3333335
8,70,1000,0.4,0.8,128.33333,4.6666665
8,80,1000,0.4,0.8,222.33333,5.3333335
8,90,1000,0.4,0.8,221.33333,5.0
8,100,1000,0.4,0.8,342.66666,4.6666665
8,50,1800,0.4,0.8,186.0,4.0
8,60,1800,0.4,0.8,200.0,9.0
8,70,1800,0.4,0.8,244.33333,4.3333335
8,80,1800,0.4,0.8,309.33334,4.3333335
8,90,1800,0.4,0.8,370.0,4.6666665
8,100,1800,0.4,0.8,502.33334,4.6666665
8,50,2600,0.4,0.8,162.0,7.0
8,60,2600,0.4,0.8,267.33334,6.0
8,70,2600,0.4,0.8,353.66666,5.3333335
8,80,2600,0.4,0.8,493.33334,4.6666665
8,90,2600,0.4,0.8,580.3333,5.0
8,100,2600,0.4,0.8,710.6667,6.3333335
8,50,3400,0.4,0.8,243.33333,3.6666667
8,60,3400,0.4,0.8,291.33334,7.0
8,70,3400,0.4,0.8,424.33334,5.6666665
8,80,3400,0.4,0.8,556.0,5.6666665
8,90,3400,0.4,0.8,690.0,5.3333335
8,100,3400,0.4,0.8,901.0,5.0
8,50,4200,0.4,0.8,288.33334,5.6666665
8,60,4200,0.4,0.8,454.33334,4.3333335
8,70,4200,0.4,0.8,597.6667,5.6666665
8,80,4200,0.4,0.8,767.6667,5.0
8,90,4200,0.4,0.8,959.0,5.3333335
8,100,4200,0.4,0.8,1275.0,5.3333335
8,50,5000,0.4,0.8,323.66666,6.0
8,60,5000,0.4,0.8,507.33334,4.3333335
8,70,5000,0.4,0.8,661.6667,5.3333335
8,80,5000,0.4,0.8,862.0,4.6666665
8,90,5000,0.4,0.8,1119.6666,5.6666665
8,100,5000,0.4,0.8,1316.0,5.6666665
8,50,1000,0.4,1.0,66.333336,7.6666665
8,60,1000,0.4,1.0,97.666664,5.6666665
8,70,1000,0.4,1.0,132.33333,5.0
8,80,1000,0.4,1.0,185.66667,6.6666665
8,90,1000,0.4,1.0,244.33333,6.0
8,100,1000,0.4,1.0,287.66666,5.6666665
8,50,1800,0.4,1.0,105.333336,6.6666665
8,60,1800,0.4,1.0,167.33333,6.0
8,70,1800,0.4,1.0,287.33334,5.0
8,80,1800,0.4,1.0,349.66666,5.6666665
8,90,1800,0.4,1.0,385.33334,7.0
8,100,1800,0.4,1.0,521.6667,5.6666665
8,50,2600,0.4,1.0,185.33333,5.6666665
8,60,2600,0.4,1.0,247.0,5.3333335
8,70,2600,0.4,1.0,355.0,6.0
8,80,2600,0.4,1.0,551.0,6.0
8,90,2600,0.4,1.0,581.3333,6.0
8,100,2600,0.4,1.0,784.6667,5.0
8,50,3400,0.4,1.0,232.0,6.0
8,60,3400,0.4,1.0,406.33334,5.0
8,70,3400,0.4,1.0,514.3333,7.0
8,80,3400,0.4,1.0,624.6667,5.6666665
8,90,3400,0.4,1.0,817.0,5.6666665
8,100,3400,0.4,1.0,927.6667,6.6666665
8,50,4200,0.4,1.0,322.66666,6.0
8,60,4200,0.4,1.0,410.66666,7.0
8,70,4200,0.4,1.0,582.0,6.0
8,80,4200,0.4,1.0,797.6667,6.3333335
8,90,4200,0.4,1.0,939.3333,6.0
8,100,4200,0.4,1.0,1286.0,7.3333335
8,50,5000,0.4,1.0,319.0,5.3333335
8,60,5000,0.4,1.0,475.33334,6.0
8,70,5000,0.4,1.0,690.0,5.6666665
8,80,5000,0.4,1.0,876.6667,5.3333335
8,90,5000,0.4,1.0,1200.6666,5.0
8,100,5000,0.4,1.0,1333.6666,6.0
8,50,1000,0.6,0.0,9.333333,1.6666666
8,60,1000,0.6,0.0,12.0,2.6666667
8,70,1000,0.6,0.0,15.333333,2.0
8,80,1000,0.6,0.0,18.666666,1.3333334
8,90,1000,0.6,0.0,22.0,2.3333333
8,100,1000,0.6,0.0,26.333334,2.0
8,50,1800,0.6,0.0,16.333334,2.3333333
8,60,1800,0.6,0.0,21.666666,1.6666666
8,70,1800,0.6,0.0,27.0,1.6666666
8,80,1800,0.6,0.0,32.666668,1.3333334
8,90,1800,0.6,0.0,38.666668,2.0
8,100,1800,0.6,0.0,50.333332,1.6666666
8,50,2600,0.6,0.0,24.0,2.0
8,60,2600,0.6,0.0,31.333334,1.6666666
8,70,2600,0.6,0.0,40.0,1.6666666
8,80,2600,0.6,0.0,47.666668,1.3333334
8,90,2600,0.6,0.0,56.333332,1.3333334
8,100,2600,0.6,0.0,77.333336,1.6666666
8,50,3400,0.6,0.0,37.333332,2.0
8,60,3400,0.6,0.0,49.333332,2.3333333
8,70,3400,0.6,0.0,63.333332,1.6666666
8,80,3400,0.6,0.0,100.333336,1.3333334
8,90,3400,0.6,0.0,87.666664,1.3333334
8,100,3400,0.6,0.0,93.666664,2.3333333
8,50,4200,0.6,0.0,41.0,1.6666666
8,60,4200,0.6,0.0,54.0,2.0
8,70,4200,0.6,0.0,48.333332,1.3333334
8,80,4200,0.6,0.0,83.333336,1.6666666
8,90,4200,0.6,0.0,93.0,1.6666666
8,100,4200,0.6,0.0,74.333336,1.0
8,50,5000,0.6,0.0,48.333332,1.6666666
8,60,5000,0.6,0.0,61.666668,1.0
8,70,5000,0.6,0.0,79.333336,1.3333334
8,80,5000,0.6,0.0,105.333336,1.3333334
8,90,5000,0.6,0.0,123.666664,1.6666666
8,100,5000,0.6,0.0,140.33333,1.6666666
8,50,1000,0.6,0.2,49.333332,0.6666667
8,60,1000,0.6,0.2,51.666668,0.33333334
8,70,1000,0.6,0.2,26.0,0.0
8,80,1000,0.6,0.2,215.33333,0.6666667
8,90,1000,0.6,0.2,118.0,0.33333334
8,100,1000,0.6,0.2,125.666664,0.33333334
8,50,1800,0.6,0.2,80.0,0.6666667
8,60,1800,0.6,0.2,106.666664,0.33333334
8,70,1800,0.6,0.2,227.66667,1.0
8,80,1800,0.6,0.2,32.666668,0.0
8,90,1800,0.6,0.2,7.6666665,0.0
8,100,1800,0.6,0.2,295.0,0.33333334
8,50,2600,0.6,0.2,103.333336,0.33333334
8,60,2600,0.6,0.2,38.333332,0.0
8,70,2600,0.6,0.2,18.333334,0.0
8,80,2600,0.6,0.2,357.66666,2.6666667
8,90,2600,0.6,0.2,201.0,0.33333334
8,100,2600,0.6,0.2,405.0,0.33333334
8,50,3400,0.6,0.2,67.0,0.33333334
8,60,3400,0.6,0.2,162.66667,1.0
8,70,3400,0.6,0.2,17.333334,0.0
8,80,3400,0.6,0.2,19.333334,0.0
8,90,3400,0.6,0.2,211.0,0.0
8,100,3400,0.6,0.2,612.6667,2.0
8,50,4200,0.6,0.2,245.33333,0.6666667
8,60,4200,0.6,0.2,115.333336,0.33333334
8,70,4200,0.6,0.2,130.33333,0.0
8,80,4200,0.6,0.2,98.666664,0.0
8,90,4200,0.6,0.2,29.333334,0.0
8,100,4200,0.6,0.2,62.0,0.0
8,50,5000,0.6,0.2,11.333333,0.0
8,60,5000,0.6,0.2,17.666666,0.0
8,70,5000,0.6,0.2,158.66667,0.0
8,80,5000,0.6,0.2,338.33334,0.0
8,90,5000,0.6,0.2,194.0,0.0
8,100,5000,0.6,0.2,327.66666,0.0
8,50,1000,0.6,0.4,33.0,2.0
8,60,1000,0.6,0.4,38.333332,0.0
8,70,1000,0.6,0.4,6.3333335,0.0
8,80,1000,0.6,0.4,31.333334,0.0
8,90,1000,0.6,0.4,9.0,0.0
8,100,1000,0.6,0.4,22.0,0.0
8,50,1800,0.6,0.4,13.0,0.0
8,60,1800,0.6,0.4,29.0,0.0
8,70,1800,0.6,0.4,40.0,0.0
8,80,1800,0.6,0.4,80.333336,0.0
8,90,1800,0.6,0.4,43.666668,0.0
8,100,1800,0.6,0.4,54.666668,0.0
8,50,2600,0.6,0.4,34.333332,0.0
8,60,2600,0.6,0.4,32.666668,0.0
8,70,2600,0.6,0.4,154.33333,0.33333334
8,80,2600,0.6,0.4,9.0,0.0
8,90,2600,0.6,0.4,12.333333,0.0
8,100,2600,0.6,0.4,59.0,0.0
8,50,3400,0.6,0.4,74.0,0.33333334
8,60,3400,0.6,0.4,8.333333,0.0
8,70,3400,0.6,0.4,5.6666665,0.0
8,80,3400,0.6,0.4,160.66667,0.0
8,90,3400,0.6,0.4,38.333332,0.0
8,100,3400,0.6,0.4,88.333336,0.0
8,50,4200,0.6,0.4,3.6666667,0.0
8,60,4200,0.6,0.4,99.333336,0.0
8,70,4200,0.6,0.4,174.0,0.33333334
8,80,4200,0.6,0.4,107.666664,0.0
8,90,4200,0.6,0.4,19.666666,0.0
8,100,4200,0.6,0.4,25.333334,0.0
8,50,5000,0.6,0.4,18.0,0.0
8,60,5000,0.6,0.4,150.66667,0.33333334
8,70,5000,0.6,0.4,14.333333,0.0
8,80,5000,0.6,0.4,13.666667,0.0
8,90,5000,0.6,0.4,62.0,0.0
8,100,5000,0.6,0.4,21.666666,0.0
8,50,1000,0.6,0.6,26.0,0.33333334
8,60,1000,0.6,0.6,10.333333,0.0
8,70,1000,0.6,0.6,60.0,0.33333334
8,80,1000,0.6,0.6,52.666668,0.0
8,90,1000,0.6,0.6,17.0,0.0
8,100,1000,0.6,0.6,18.666666,0.0
8,50,1800,0.6,0.6,14.666667,0.0
8,60,1800,0.6,0.6,40.0,0.0
8,70,1800,0.6,0.6,10.333333,0.0
8,80,1800,0.6,0.6,94.333336,0.0
8,90,1800,0.6,0.6,108.0,0.0
8,100,1800,0.6,0.6,51.666668,0.0
8,50,2600,0.6,0.6,3.3333333,0.0
8,60,2600,0.6,0.6,120.666664,0.33333334
8,70,2600,0.6,0.6,19.666666,0.0
8,80,2600,0.6,0.6,34.0,0.0
8,90,2600,0.6,0.6,46.0,0.0
8,100,2600,0.6,0.6,73.666664,0.0
8,50,3400,0.6,0.6,7.0,0.0
8,60,3400,0.6,0.6,67.0,0.0
8,70,3400,0.6,0.6,55.333332,0.0
8,80,3400,0.6,0.6,29.666666,0.0
8,90,3400,0.6,0.6,63.333332,0.0
8,100,3400,0.6,0.6,39.666668,0.0
8,50,4200,0.6,0.6,30.0,0.0
8,60,4200,0.6,0.6,17.666666,0.0
8,70,4200,0.6,0.6,71.333336,0.0
8,80,4200,0.6,0.6,23.333334,0.0
8,90,4200,0.6,0.6,310.66666,0.33333334
8,100,4200,0.6,0.6,34.333332,0.0
8,50,5000,0.6,0.6,4.0,0.0
8,60,5000,0.6,0.6,37.333332,0.0
8,70,5000,0.6,0.6,239.66667,0.33333334
8,80,5000,0.6,0.6,125.333336,0.0
8,90,5000,0.6,0.6,27.666666,0.0
8,100,5000,0.6,0.6,32.0,0.0
8,50,1000,0.6,0.8,62.0,2.6666667
8,60,1000,0.6,0.8,96.666664,2.3333333
8,70,1000,0.6,0.8,146.66667,3.0
8,80,1000,0.6,0.8,178.33333,3.3333333
8,90,1000,0.6,0.8,216.66667,4.3333335
8,100,1000,0.6,0.8,288.66666,2.6666667
8,50,1800,0.6,0.8,112.666664,2.0
8,60,1800,0.6,0.8,170.66667,2.3333333
8,70,1800,0.6,0.8,251.33333,3.0
8,80,1800,0.6,0.8,338.0,2.6666667
8,90,1800,0.6,0.8,391.66666,3.0
8,100,1800,0.6,0.8,526.0,3.3333333
8,50,2600,0.6,0.8,100.333336,0.6666667
8,60,2600,0.6,0.8,268.0,0.6666667
8,70,2600,0.6,0.8,287.33334,3.0
8,80,2600,0.6,0.8,483.0,2.3333333
8,90,2600,0.6,0.8,666.3333,3.6666667
8,100,2600,0.6,0.8,641.6667,1.3333334
8,50,3400,0.6,0.8,139.66667,0.6666667
8,60,3400,0.6,0.8,360.33334,3.0
8,70,3400,0.6,0.8,487.0,3.3333333
8,80,3400,0.6,0.8,659.6667,2.0
8,90,3400,0.6,0.8,505.0,2.3333333
8,100,3400,0.6,0.8,935.3333,2.6666667
8,50,4200,0.6,0.8,208.66667,1.3333334
8,60,4200,0.6,0.8,321.66666,2.0
8,70,4200,0.6,0.8,551.3333,2.6666667
8,80,4200,0.6,0.8,336.0,1.0
8,90,4200,0.6,0.8,1005.3333,2.6666667
8,100,4200,0.6,0.8,857.6667,1.6666666
8,50,5000,0.6,0.8,127.0,0.0
8,60,5000,0.6,0.8,223.33333,0.6666667
8,70,5000,0.6,0.8,599.3333,3.0
8,80,5000,0.6,0.8,751.6667,3.3333333
8,90,5000,0.6,0.8,1004.3333,1.6666666
8,100,5000,0.6,0.8,838.0,2.0
8,50,1000,0.6,1.0,61.0,3.6666667
8,60,1000,0.6,1.0,85.666664,4.6666665
8,70,1000,0.6,1.0,126.666664,4.0
8,80,1000,0.6,1.0,169.66667,4.6666665
8,90,1000,0.6,1.0,199.0,4.0
8,100,1000,0.6,1.0,267.0,4.3333335
8,50,1800,0.6,1.0,104.0,4.3333335
8,60,1800,0.6,1.0,169.0,3.6666667
8,70,1800,0.6,1.0,225.0,3.6666667
8,80,1800,0.6,1.0,323.33334,4.3333335
8,90,1800,0.6,1.0,387.66666,4.3333335
8,100,1800,0.6,1.0,508.0,4.6666665
8,50,2600,0.6,1.0,154.66667,3.6666667
8,60,2600,0.6,1.0,234.66667,4.3333335
8,70,2600,0.6,1.0,345.66666,4.3333335
8,80,2600,0.6,1.0,542.6667,4.3333335
8,90,2600,0.6,1.0,517.3333,4.3333335
8,100,2600,0.6,1.0,701.0,4.0
8,50,3400,0.6,1.0,213.66667,3.6666667
8,60,3400,0.6,1.0,295.0,4.6666665
8,70,3400,0.6,1.0,447.33334,4.0
8,80,3400,0.6,1.0,611.0,4.6666665
8,90,3400,0.6,1.0,745.6667,4.0
8,100,3400,0.6,1.0,910.0,4.0
8,50,4200,0.6,1.0,261.66666,4.3333335
8,60,4200,0.6,1.0,387.33334,4.0
8,70,4200,0.6,1.0,522.0,6.0
8,80,4200,0.6,1.0,723.0,4.6666665
8,90,4200,0.6,1.0,850.6667,4.0
8,100,4200,0.6,1.0,1140.6666,4.3333335
8,50,5000,0.6,1.0,311.66666,4.6666665
8,60,5000,0.6,1.0,459.0,3.6666667
8,70,5000,0.6,1.0,647.6667,5.0
8,80,5000,0.6,1.0,854.0,4.3333335
8,90,5000,0.6,1.0,1107.3334,4.0
8,100,5000,0.6,1.0,1448.3334,4.3333335
8,50,1000,0.8,0.0,10.333333,1.6666666
8,60,1000,0.8,0.0,14.333333,1.6666666
8,70,1000,0.8,0.0,18.666666,1.3333334
8,80,1000,0.8,0.0,23.666666,1.6666666
8,90,1000,0.8,0.0,37.333332,1.3333334
8,100,1000,0.8,0.0,82.0,1.6666666
8,50,1800,0.8,0.0,58.333332,2.3333333
8,60,1800,0.8,0.0,49.666668,1.6666666
8,70,1800,0.8,0.0,45.666668,1.3333334
8,80,1800,0.8,0.0,39.0,1.6666666
8,90,1800,0.8,0.0,49.333332,1.6666666
8,100,1800,0.8,0.0,55.0,1.3333334
8,50,2600,0.8,0.0,38.0,1.6666666
8,60,2600,0.8,0.0,44.0,2.3333333
8,70,2600,0.8,0.0,61.0,1.6666666
8,80,2600,0.8,0.0,63.666668,1.3333334
8,90,2600,0.8,0.0,75.666664,1.6666666
8,100,2600,0.8,0.0,83.333336,1.6666666
8,50,3400,0.8,0.0,47.0,2.3333333
8,60,3400,0.8,0.0,51.666668,2.3333333
8,70,3400,0.8,0.0,43.333332,1.3333334
8,80,3400,0.8,0.0,82.666664,1.6666666
8,90,3400,0.8,0.0,109.666664,1.3333334
8,100,3400,0.8,0.0,126.0,1.6666666
8,50,4200,0.8,0.0,63.333332,2.0
8,60,4200,0.8,0.0,66.333336,2.0
8,70,4200,0.8,0.0,51.666668,1.3333334
8,80,4200,0.8,0.0,67.333336,1.0
8,90,4200,0.8,0.0,132.0,1.0
8,100,4200,0.8,0.0,131.0,1.6666666
8,50,5000,0.8,0.0,65.0,2.3333333
8,60,5000,0.8,0.0,73.666664,1.0
8,70,5000,0.8,0.0,92.0,1.6666666
8,80,5000,0.8,0.0,98.0,1.0
8,90,5000,0.8,0.0,138.0,1.0
8,100,5000,0.8,0.0,177.0,2.0
8,50,1000,0.8,0.2,54.0,0.6666667
8,60,1000,0.8,0.2,43.333332,0.33333334
8,70,1000,0.8,0.2,116.666664,0.6666667
8,80,1000,0.8,0.2,99.0,0.33333334
8,90,1000,0.8,0.2,66.666664,0.33333334
8,100,1000,0.8,0.2,19.666666,0.0
8,50,1800,0.8,0.2,5.0,0.0
8,60,1800,0.8,0.2,159.33333,1.0
8,70,1800,0.8,0.2,95.666664,0.33333334
8,80,1800,0.8,0.2,98.333336,0.33333334
8,90,1800,0.8,0.2,252.66667,0.6666667
8,100,1800,0.8,0.2,361.0,0.6666667
8,50,2600,0.8,0.2,67.333336,0.6666667
8,60,2600,0.8,0.2,6.3333335,0.0
8,70,2600,0.8,0.2,185.33333,0.33333334
8,80,2600,0.8,0.2,143.0,0.0
8,90,2600,0.8,0.2,216.66667,0.0
8,100,2600,0.8,0.2,100.666664,0.0
8,50,3400,0.8,0.2,76.333336,0.33333334
8,60,3400,0.8,0.2,186.66667,0.6666667
8,70,3400,0.8,0.2,297.33334,0.6666667
8,80,3400,0.8,0.2,253.0,0.0
8,90,3400,0.8,0.2,475.0,0.6666667
8,100,3400,0.8,0.2,41.333332,0.0
8,50,4200,0.8,0.2,20.0,0.0
8,60,4200,0.8,0.2,32.333332,0.0
8,70,4200,0.8,0.2,422.66666,0.6666667
8,80,4200,0.8,0.2,77.0,0.0
8,90,4200,0.8,0.2,568.3333,1.3333334
8,100,4200,0.8,0.2,150.33333,0.0
8,50,5000,0.8,0.2,35.0,0.0
8,60,5000,0.8,0.2,7.3333335,0.0
8,70,5000,0.8,0.2,6.3333335,0.0
8,80,5000,0.8,0.2,376.66666,0.0
8,90,5000,0.8,0.2,962.6667,0.33333334
8,100,5000,0.8,0.2,227.66667,0.0
8,50,1000,0.8,0.4,31.333334,0.33333334
8,60,1000,0.8,0.4,124.0,1.0
8,70,1000,0.8,0.4,75.666664,1.3333334
8,80,1000,0.8,0.4,127.333336,0.33333334
8,90,1000,0.8,0.4,77.333336,0.0
8,100,1000,0.8,0.4,12.666667,0.0
8,50,1800,0.8,0.4,131.66667,1.3333334
8,60,1800,0.8,0.4,135.0,0.6666667
8,70,1800,0.8,0.4,42.666668,0.0
8,80,1800,0.8,0.4,60.333332,0.0
8,90,1800,0.8,0.4,25.333334,0.0
8,100,1800,0.8,0.4,186.66667,0.33333334
8,50,2600,0.8,0.4,64.0,0.0
8,60,2600,0.8,0.4,3.3333333,0.0
8,70,2600,0.8,0.4,6.3333335,0.0
8,80,2600,0.8,0.4,17.333334,0.0
8,90,2600,0.8,0.4,69.0,0.0
8,100,2600,0.8,0.4,368.66666,0.33333334
8,50,3400,0.8,0.4,81.0,0.0
8,60,3400,0.8,0.4,53.333332,0.0
8,70,3400,0.8,0.4,37.333332,0.0
8,80,3400,0.8,0.4,26.333334,0.0
8,90,3400,0.8,0.4,359.0,0.33333334
8,100,3400,0.8,0.4,35.666668,0.0
8,50,4200,0.8,0.4,107.333336,1.3333334
8,60,4200,0.8,0.4,24.666666,0.0
8,70,4200,0.8,0.4,30.0,0.0
8,80,4200,0.8,0.4,254.66667,0.0
8,90,4200,0.8,0.4,295.33334,0.0
8,100,4200,0.8,0.4,47.666668,0.0
8,50,5000,0.8,0.4,190.0,0.33333334
8,60,5000,0.8,0.4,25.333334,0.0
8,70,5000,0.8,0.4,12.666667,0.0
8,80,5000,0.8,0.4,61.0,0.0
8,90,5000,0.8,0.4,17.0,0.0
8,100,5000,0.8,0.4,15.333333,0.0
8,50,1000,0.8,0.6,23.333334,0.33333334
8,60,1000,0.8,0.6,52.0,0.33333334
8,70,1000,0.8,0.6,3.6666667,0.0
8,80,1000,0.8,0.6,155.66667,1.0
8,90,1000,0.8,0.6,14.333333,0.0
8,100,1000,0.8,0.6,11.666667,0.0
8,50,1800,0.8,0.6,22.666666,0.0
8,60,1800,0.8,0.6,3.6666667,0.0
8,70,1800,0.8,0.6,2.6666667,0.0
8,80,1800,0.8,0.6,36.333332,0.0
8,90,1800,0.8,0.6,42.333332,0.0
8,100,1800,0.8,0.6,15.333333,0.0
8,50,2600,0.8,0.6,55.0,0.0
8,60,2600,0.8,0.6,14.333333,0.0
8,70,2600,0.8,0.6,117.666664,0.0
8,80,2600,0.8,0.6,46.333332,0.0
8,90,2600,0.8,0.6,283.66666,1.0
8,100,2600,0.8,0.6,13.666667,0.0
8,50,3400,0.8,0.6,68.333336,0.33333334
8,60,3400,0.8,0.6,195.0,1.0
8,70,3400,0.8,0.6,4.3333335,0.0
8,80,3400,0.8,0.6,132.0,0.0
8,90,3400,0.8,0.6,147.66667,0.0
8,100,3400,0.8,0.6,23.0,0.0
8,50,4200,0.8,0.6,16.0,0.0
8,60,4200,0.8,0.6,65.333336,0.0
8,70,4200,0.8,0.6,139.33333,0.0
8,80,4200,0.8,0.6,34.333332,0.0
8,90,4200,0.8,0.6,107.333336,0.0
8,100,4200,0.8,0.6,16.0,0.0
8,50,5000,0.8,0.6,112.666664,0.33333334
8,60,5000,0.8,0.6,14.0,0.0
8,70,5000,0.8,0.6,5.3333335,0.0
8,80,5000,0.8,0.6,10.0,0.0
8,90,5000,0.8,0.6,13.666667,0.0
8,100,5000,0.8,0.6,107.333336,0.0
8,50,1000,0.8,0.8,18.0,0.0
8,60,1000,0.8,0.8,29.666666,0.0
8,70,1000,0.8,0.8,8.0,0.0
8,80,1000,0.8,0.8,29.0,0.0
8,90,1000,0.8,0.8,10.666667,0.0
8,100,1000,0.8,0.8,12.333333,0.0
8,50,1800,0.8,0.8,5.6666665,0.0
8,60,1800,0.8,0.8,17.333334,0.0
8,70,1800,0.8,0.8,7.6666665,0.0
8,80,1800,0.8,0.8,68.333336,0.0
8,90,1800,0.8,0.8,13.666667,0.0
8,100,1800,0.8,0.8,18.0,0.0
8,50,2600,0.8,0.8,5.6666665,0.0
8,60,2600,0.8,0.8,8.0,0.0
8,70,2600,0.8,0.8,104.333336,0.33333334
8,80,2600,0.8,0.8,24.333334,0.0
8,90,2600,0.8,0.8,207.66667,0.6666667
8,100,2600,0.8,0.8,35.666668,0.0
8,50,3400,0.8,0.8,68.666664,0.33333334
8,60,3400,0.8,0.8,10.666667,0.0
8,70,3400,0.8,0.8,7.0,0.0
8,80,3400,0.8,0.8,9.333333,0.0
8,90,3400,0.8,0.8,28.333334,0.0
8,100,3400,0.8,0.8,22.666666,0.0
8,50,4200,0.8,0.8,68.666664,0.0
8,60,4200,0.8,0.8,5.3333335,0.0
8,70,4200,0.8,0.8,7.6666665,0.0
8,80,4200,0.8,0.8,40.666668,0.0
8,90,4200,0.8,0.8,41.666668,0.0
8,100,4200,0.8,0.8,38.0,0.0
8,50,5000,0.8,0.8,8.0,0.0
8,60,5000,0.8,0.8,5.3333335,0.0
8,70,5000,0.8,0.8,10.666667,0.0
8,80,5000,0.8,0.8,90.0,0.0
8,90,5000,0.8,0.8,15.666667,0.0
8,100,5000,0.8,0.8,48.333332,0.0
8,50,1000,0.8,1.0,58.0,1.6666666
8,60,1000,0.8,1.0,84.666664,2.3333333
8,70,1000,0.8,1.0,117.0,2.0
8,80,1000,0.8,1.0,161.0,2.0
8,90,1000,0.8,1.0,211.66667,2.3333333
8,100,1000,0.8,1.0,296.66666,2.3333333
8,50,1800,0.8,1.0,107.333336,2.0
8,60,1800,0.8,1.0,166.0,3.3333333
8,70,1800,0.8,1.0,223.66667,2.0
8,80,1800,0.8,1.0,319.33334,2.6666667
8,90,1800,0.8,1.0,390.0,2.0
8,100,1800,0.8,1.0,485.33334,2.0
8,50,2600,0.8,1.0,121.333336,1.6666666
8,60,2600,0.8,1.0,240.66667,3.0
8,70,2600,0.8,1.0,334.33334,2.0
8,80,2600,0.8,1.0,487.33334,4.0
8,90,2600,0.8,1.0,575.6667,2.0
8,100,2600,0.8,1.0,901.0,2.3333333
8,50,3400,0.8,1.0,210.33333,2.0
8,60,3400,0.8,1.0,323.33334,2.0
8,70,3400,0.8,1.0,458.0,1.6666666
8,80,3400,0.8,1.0,581.3333,2.6666667
8,90,3400,0.8,1.0,653.3333,2.3333333
8,100,3400,0.8,1.0,889.6667,2.6666667
8,50,4200,0.8,1.0,224.0,2.0
8,60,4200,0.8,1.0,360.33334,2.3333333
8,70,4200,0.8,1.0,672.3333,2.6666667
8,80,4200,0.8,1.0,819.3333,3.3333333
8,90,4200,0.8,1.0,886.6667,1.3333334
8,100,4200,0.8,1.0,1092.6666,2.3333333
8,50,5000,0.8,1.0,169.0,0.6666667
8,60,5000,0.8,1.0,425.0,2.3333333
8,70,5000,0.8,1.0,606.3333,1.6666666
8,80,5000,0.8,1.0,840.3333,2.6666667
8,90,5000,0.8,1.0,1045.3334,2.6666667
8,100,5000,0.8,1.0,1399.0,2.3333333
8,50,1000,1.0,0.0,10.666667,1.6666666
8,60,1000,1.0,0.0,17.0,1.3333334
8,70,1000,1.0,0.0,18.0,1.6666666
8,80,1000,1.0,0.0,15.666667,0.6666667
8,90,1000,1.0,0.0,25.666666,1.0
8,100,1000,1.0,0.0,30.333334,2.0
8,50,1800,1.0,0.0,14.0,1.0
8,60,1800,1.0,0.0,25.333334,2.0
8,70,1800,1.0,0.0,21.0,1.0
8,80,1800,1.0,0.0,25.333334,0.6666667
8,90,1800,1.0,0.0,31.0,0.6666667
8,100,1800,1.0,0.0,57.333332,1.3333334
8,50,2600,1.0,0.0,29.666666,2.0
8,60,2600,1.0,0.0,42.0,2.0
8,70,2600,1.0,0.0,48.0,1.6666666
8,80,2600,1.0,0.0,38.333332,0.6666667
8,90,2600,1.0,0.0,65.666664,1.0
8,100,2600,1.0,0.0,74.333336,1.0
8,50,3400,1.0,0.0,41.666668,1.3333334
8,60,3400,1.0,0.0,48.0,1.3333334
8,70,3400,1.0,0.0,67.666664,1.6666666
8,80,3400,1.0,0.0,69.666664,1.0
8,90,3400,1.0,0.0,84.333336,1.3333334
8,100,3400,1.0,0.0,132.66667,1.0
8,50,4200,1.0,0.0,65.0,2.0
8,60,4200,1.0,0.0,60.333332,1.3333334
8,70,4200,1.0,0.0,72.333336,2.0
8,80,4200,1.0,0.0,90.333336,1.6666666
8,90,4200,1.0,0.0,70.666664,1.0
8,100,4200,1.0,0.0,84.333336,0.6666667
8,50,5000,1.0,0.0,54.0,2.0
8,60,5000,1.0,0.0,75.666664,1.6666666
8,70,5000,1.0,0.0,32.333332,0.6666667
8,80,5000,1.0,0.0,74.666664,1.3333334
8,90,5000,1.0,0.0,124.0,1.3333334
8,100,5000,1.0,0.0,155.33333,1.3333334
8,50,1000,1.0,0.2,5.0,0.33333334
8,60,1000,1.0,0.2,16.333334,1.0
8,70,1000,1.0,0.2,1.6666666,0.0
8,80,1000,1.0,0.2,12.666667,0.33333334
8,90,1000,1.0,0.2,16.0,0.33333334
8,100,1000,1.0,0.2,32.333332,1.0
8,50,1800,1.0,0.2,26.666666,1.0
8,60,1800,1.0,0.2,28.666666,1.0
8,70,1800,1.0,0.2,16.0,0.33333334
8,80,1800,1.0,0.2,40.0,1.0
8,90,1800,1.0,0.2,32.666668,0.6666667
8,100,1800,1.0,0.2,39.333332,0.6666667
8,50,2600,1.0,0.2,33.333332,1.3333334
8,60,2600,1.0,0.2,14.333333,0.33333334
8,70,2600,1.0,0.2,33.333332,0.6666667
8,80,2600,1.0,0.2,45.666668,0.33333334
8,90,2600,1.0,0.2,37.666668,0.33333334
8,100,2600,1.0,0.2,37.666668,0.33333334
8,50,3400,1.0,0.2,31.0,0.6666667
8,60,3400,1.0,0.2,36.333332,0.6666667
8,70,3400,1.0,0.2,62.666668,1.0
8,80,3400,1.0,0.2,49.666668,0.6666667
8,90,3400,1.0,0.2,60.333332,0.6666667
8,100,3400,1.0,0.2,106.0,1.0
8,50,4200,1.0,0.2,34.666668,0.6666667
8,60,4200,1.0,0.2,43.0,1.0
8,70,4200,1.0,0.2,29.333334,0.33333334
8,80,4200,1.0,0.2,65.0,0.6666667
8,90,4200,1.0,0.2,16.333334,0.0
8,100,4200,1.0,0.2,43.666668,0.33333334
8,50,5000,1.0,0.2,41.0,0.6666667
8,60,5000,1.0,0.2,31.666666,0.33333334
8,70,5000,1.0,0.2,35.333332,0.33333334
8,80,5000,1.0,0.2,80.666664,0.6666667
8,90,5000,1.0,0.2,94.0,0.6666667
8,100,5000,1.0,0.2,116.333336,0.6666667
8,50,1000,1.0,0.4,9.666667,0.6666667
8,60,1000,1.0,0.4,13.0,0.6666667
8,70,1000,1.0,0.4,5.0,0.0
8,80,1000,1.0,0.4,18.0,0.6666667
8,90,1000,1.0,0.4,4.6666665,0.0
8,100,1000,1.0,0.4,17.666666,0.33333334
8,50,1800,1.0,0.4,11.333333,0.33333334
8,60,1800,1.0,0.4,10.333333,0.33333334
8,70,1800,1.0,0.4,24.666666,0.6666667
8,80,1800,1.0,0.4,4.3333335,0.0
8,90,1800,1.0,0.4,34.0,0.6666667
8,100,1800,1.0,0.4,13.666667,0.0
8,50,2600,1.0,0.4,24.0,0.6666667
8,60,2600,1.0,0.4,43.333332,1.0
8,70,2600,1.0,0.4,20.0,0.33333334
8,80,2600,1.0,0.4,41.666668,0.6666667
8,90,2600,1.0,0.4,28.666666,0.33333334
8,100,2600,1.0,0.4,4.3333335,0.0
8,50,3400,1.0,0.4,28.333334,0.6666667
8,60,3400,1.0,0.4,36.666668,0.6666667
8,70,3400,1.0,0.4,24.666666,0.33333334
8,80,3400,1.0,0.4,2.3333333,0.0
8,90,3400,1.0,0.4,33.666668,0.33333334
8,100,3400,1.0,0.4,42.666668,0.33333334
8,50,4200,1.0,0.4,18.333334,0.33333334
8,60,4200,1.0,0.4,2.3333333,0.0
8,70,4200,1.0,0.4,80.333336,1.0
8,80,4200,1.0,0.4,2.3333333,0.0
8,90,4200,1.0,0.4,3.6666667,0.0
8,100,4200,1.0,0.4,45.333332,0.33333334
8,50,5000,1.0,0.4,40.333332,0.6666667
8,60,5000,1.0,0.4,29.0,0.33333334
8,70,5000,1.0,0.4,81.666664,0.6666667
8,80,5000,1.0,0.4,4.6666665,0.0
8,90,5000,1.0,0.4,10.0,0.0
8,100,5000,1.0,0.4,14.333333,0.0
8,50,1000,1.0,0.6,5.3333335,0.33333334
8,60,1000,1.0,0.6,4.6666665,0.0
8,70,1000,1.0,0.6,17.666666,0.6666667
8,80,1000,1.0,0.6,8.0,0.0
8,90,1000,1.0,0.6,16.0,0.33333334
8,100,1000,1.0,0.6,16.666666,0.33333334
8,50,1800,1.0,0.6,9.666667,0.33333334
8,60,1800,1.0,0.6,13.666667,0.33333334
8,70,1800,1.0,0.6,17.0,0.33333334
8,80,1800,1.0,0.6,18.666666,0.33333334
8,90,1800,1.0,0.6,38.666668,0.6666667
8,100,1800,1.0,0.6,5.3333335,0.0
8,50,2600,1.0,0.6,17.666666,0.33333334
8,60,2600,1.0,0.6,16.333334,0.33333334
8,70,2600,1.0,0.6,3.0,0.0
8,80,2600,1.0,0.6,46.0,0.6666667
8,90,2600,1.0,0.6,4.3333335,0.0
8,100,2600,1.0,0.6,60.0,0.6666667
8,50,3400,1.0,0.6,3.6666667,0.0
8,60,3400,1.0,0.6,26.333334,0.33333334
8,70,3400,1.0,0.6,76.666664,0.6666667
8,80,3400,1.0,0.6,53.666668,0.33333334
8,90,3400,1.0,0.6,130.66667,0.6666667
8,100,3400,1.0,0.6,6.6666665,0.0
8,50,4200,1.0,0.6,3.0,0.0
8,60,4200,1.0,0.6,4.6666665,0.0
8,70,4200,1.0,0.6,32.333332,0.33333334
8,80,4200,1.0,0.6,41.333332,0.33333334
8,90,4200,1.0,0.6,48.333332,0.33333334
8,100,4200,1.0,0.6,7.0,0.0
8,50,5000,1.0,0.6,53.666668,0.6666667
8,60,5000,1.0,0.6,65.333336,0.6666667
8,70,5000,1.0,0.6,2.6666667,0.0
8,80,5000,1.0,0.6,7.3333335,0.0
8,90,5000,1.0,0.6,49.0,0.33333334
8,100,5000,1.0,0.6,58.666668,0.33333334
8,50,1000,1.0,0.8,2.3333333,0.0
8,60,1000,1.0,0.8,13.333333,0.6666667
8,70,1000,1.0,0.8,9.0,0.33333334
8,80,1000,1.0,0.8,13.666667,0.33333334
8,90,1000,1.0,0.8,16.666666,0.33333334
8,100,1000,1.0,0.8,7.3333335,0.0
8,50,1800,1.0,0.8,17.0,0.6666667
8,60,1800,1.0,0.8,12.333333,0.33333334
8,70,1800,1.0,0.8,7.6666665,0.0
8,80,1800,1.0,0.8,5.3333335,0.0
8,90,1800,1.0,0.8,8.0,0.0
8,100,1800,1.0,0.8,6.6666665,0.0
8,50,2600,1.0,0.8,36.0,1.0
8,60,2600,1.0,0.8,32.333332,0.6666667
8,70,2600,1.0,0.8,21.333334,0.33333334
8,80,2600,1.0,0.8,25.333334,0.33333334
8,90,2600,1.0,0.8,8.666667,0.0
8,100,2600,1.0,0.8,28.0,0.0
8,50,3400,1.0,0.8,31.333334,0.6666667
8,60,3400,1.0,0.8,20.333334,0.33333334
8,70,3400,1.0,0.8,5.0,0.0
8,80,3400,1.0,0.8,33.333332,0.33333334
8,90,3400,1.0,0.8,36.666668,0.33333334
8,100,3400,1.0,0.8,7.6666665,0.0
8,50,4200,1.0,0.8,22.666666,0.33333334
8,60,4200,1.0,0.8,28.666666,0.33333334
8,70,4200,1.0,0.8,64.666664,0.6666667
8,80,4200,1.0,0.8,45.0,0.33333334
8,90,4200,1.0,0.8,89.666664,0.6666667
8,100,4200,1.0,0.8,53.666668,0.33333334
8,50,5000,1.0,0.8,25.0,0.33333334
8,60,5000,1.0,0.8,34.0,0.33333334
8,70,5000,1.0,0.8,40.666668,0.33333334
8,80,5000,1.0,0.8,3.6666667,0.0
8,90,5000,1.0,0.8,58.333332,0.33333334
8,100,5000,1.0,0.8,66.666664,0.33333334
8,50,1000,1.0,1.0,6.6666665,0.33333334
8,60,1000,1.0,1.0,4.0,0.0
8,70,1000,1.0,1.0,12.666667,0.33333334
8,80,1000,1.0,1.0,7.6666665,0.0
8,90,1000,1.0,1.0,11.666667,0.0
8,100,1000,1.0,1.0,20.666666,0.33333334
8,50,1800,1.0,1.0,3.0,0.0
8,60,1800,1.0,1.0,25.0,0.6666667
8,70,1800,1.0,1.0,19.666666,0.33333334
8,80,1800,1.0,1.0,10.666667,0.0
8,90,1800,1.0,1.0,26.0,0.33333334
8,100,1800,1.0,1.0,15.0,0.0
8,50,2600,1.0,1.0,6.0,0.0
8,60,2600,1.0,1.0,19.666666,0.33333334
8,70,2600,1.0,1.0,9.666667,0.0
8,80,2600,1.0,1.0,29.666666,0.33333334
8,90,2600,1.0,1.0,38.0,0.33333334
8,100,2600,1.0,1.0,14.0,0.0
8,50,3400,1.0,1.0,36.666668,0.6666667
8,60,3400,1.0,1.0,4.6666665,0.0
8,70,3400,1.0,1.0,11.666667,0.0
8,80,3400,1.0,1.0,8.666667,0.0
8,90,3400,1.0,1.0,11.0,0.0
8,100,3400,1.0,1.0,12.666667,0.0
8,50,4200,1.0,1.0,9.0,0.0
8,60,4200,1.0,1.0,30.0,0.33333334
8,70,4200,1.0,1.0,6.0,0.0
8,80,4200,1.0,1.0,10.666667,0.0
8,90,4200,1.0,1.0,54.0,0.33333334
8,100,4200,1.0,1.0,14.666667,0.0
8,50,5000,1.0,1.0,25.666666,0.33333334
8,60,5000,1.0,1.0,33.0,0.33333334
8,70,5000,1.0,1.0,7.0,0.0
8,80,5000,1.0,1.0,8.0,0.0
8,90,5000,1.0,1.0,9.0,0.0
8,100,5000,1.0,1.0,15.0,0.0
