/*INSERTION*/
INSERT INTO Hotel (NUMHOTEL, NOMHOTEL, VILLE, ETOILES)
VALUES (1, 'Renaissance Tlemcen', 'Tlemcen', 5);
/
INSERT INTO Hotel (NUMHOTEL, NOMHOTEL, VILLE, ETOILES)
VALUES (2, 'Seybouse Annaba', 'Annaba', 3);
/
INSERT INTO Hotel (NUMHOTEL, NOMHOTEL, VILLE, ETOILES)
VALUES (3, 'Hôtel Novotel Constantine', 'Constantine', 4);
/
INSERT INTO Hotel (NUMHOTEL, NOMHOTEL, VILLE, ETOILES)
VALUES (4, 'Saint George d''Alger', 'Alger', 5);
/
INSERT INTO Hotel (NUMHOTEL, NOMHOTEL, VILLE, ETOILES)
VALUES (5, 'Ibis Alger Aéroport', 'Alger', 2);
/
INSERT INTO Hotel (NUMHOTEL, NOMHOTEL, VILLE, ETOILES)
VALUES (6, 'El Mountazah Annaba', 'Annaba', 3);
/
INSERT INTO Hotel (NUMHOTEL, NOMHOTEL, VILLE, ETOILES)
VALUES (7, 'Hôtel Albert 1er', 'Alger', 3);
/
INSERT INTO Hotel (NUMHOTEL, NOMHOTEL, VILLE, ETOILES)
VALUES (8, 'Chems Oran', 'Oran', 2);
/
INSERT INTO Hotel (NUMHOTEL, NOMHOTEL, VILLE, ETOILES)
VALUES (9, 'Colombe Oran', 'Oran', 3);
/
INSERT INTO Hotel (NUMHOTEL, NOMHOTEL, VILLE, ETOILES)
VALUES (10, 'Mercure Alger', 'Alger', 4);
/
INSERT INTO Hotel (NUMHOTEL, NOMHOTEL, VILLE, ETOILES)
VALUES (11, 'Le Méridien Oran', 'Oran', 5);
/
INSERT INTO Hotel (NUMHOTEL, NOMHOTEL, VILLE, ETOILES)
VALUES (12, 'Hôtel Sofitel Alger', 'Alger', 5);
/
INSERT INTO CLIENT (NUMCLIENT, NOMCLIENT, PRENOMCLIENT) VALUES
(1, 'BOUROUBI', 'Taous');
INSERT INTO CLIENT (NUMCLIENT, NOMCLIENT, PRENOMCLIENT) VALUES
(2, 'BOUZIDI', 'AMEL');
INSERT INTO CLIENT (NUMCLIENT, NOMCLIENT, PRENOMCLIENT) VALUES
(3, 'LACHEMI', 'Bouzid');
INSERT INTO CLIENT (NUMCLIENT, NOMCLIENT, PRENOMCLIENT) VALUES
(4, 'BOUCHEMLA', 'Elias');
INSERT INTO CLIENT (NUMCLIENT, NOMCLIENT, PRENOMCLIENT) VALUES
(5, 'HADJ', 'Zouhir');
INSERT INTO CLIENT (NUMCLIENT, NOMCLIENT, PRENOMCLIENT) VALUES
(6, 'OUSSEDIK', 'Hakim');
INSERT INTO CLIENT (NUMCLIENT, NOMCLIENT, PRENOMCLIENT) VALUES
(7, 'AAKOUB', 'Fatiha');
INSERT INTO CLIENT (NUMCLIENT, NOMCLIENT, PRENOMCLIENT) VALUES
(8, 'ABAD', 'Abdelhamid');
INSERT INTO CLIENT (NUMCLIENT, NOMCLIENT, PRENOMCLIENT) VALUES
(9, 'ABADA', 'Mohamed');
INSERT INTO CLIENT (NUMCLIENT, NOMCLIENT, PRENOMCLIENT) VALUES
(10, 'ABAYAHIA', 'Abdelkader');
INSERT INTO CLIENT (NUMCLIENT, NOMCLIENT, PRENOMCLIENT) VALUES
(11, 'ABBACI', 'Abdelmadjid');
INSERT INTO CLIENT (NUMCLIENT, NOMCLIENT, PRENOMCLIENT) VALUES
(12, 'ABBAS', 'Samira');
INSERT INTO CLIENT (NUMCLIENT, NOMCLIENT, PRENOMCLIENT) VALUES
(13, 'ABBOU', 'Mohamed');
INSERT INTO CLIENT (NUMCLIENT, NOMCLIENT, PRENOMCLIENT) VALUES
(14, 'ABDELAZIZ', 'Ahmed');
INSERT INTO CLIENT (NUMCLIENT, NOMCLIENT, PRENOMCLIENT) VALUES
(15, 'ABDELMOUMEN', 'Nassima');
INSERT INTO CLIENT (NUMCLIENT, NOMCLIENT, PRENOMCLIENT) VALUES
(16, 'ABDELOUAHAB', 'OUAHIBA');
INSERT INTO CLIENT (NUMCLIENT, NOMCLIENT, PRENOMCLIENT) VALUES
(17, 'ABDEMEZIANE', 'Madjid');
INSERT INTO CLIENT (NUMCLIENT, NOMCLIENT, PRENOMCLIENT) VALUES
(18, 'ABERKANE', 'Aicha');
INSERT INTO CLIENT (NUMCLIENT, NOMCLIENT, PRENOMCLIENT) VALUES
(19, 'AZOUG', 'Dalila');
INSERT INTO CLIENT (NUMCLIENT, NOMCLIENT, PRENOMCLIENT) VALUES
(20, 'BENOUADAH', 'Mohammed');
INSERT INTO CLIENT (NUMCLIENT, NOMCLIENT, PRENOMCLIENT) VALUES
(21, 'ACHAIBOU', 'Rachid');
INSERT INTO CLIENT (NUMCLIENT, NOMCLIENT, PRENOMCLIENT) VALUES
(22, 'ADDAD', 'Fadila');
INSERT INTO CLIENT (NUMCLIENT, NOMCLIENT, PRENOMCLIENT) VALUES
(23, 'AGGOUN', 'Khadidja');
INSERT INTO CLIENT (NUMCLIENT, NOMCLIENT, PRENOMCLIENT) VALUES
(24, 'AISSAT', 'Salima');
INSERT INTO CLIENT (NUMCLIENT, NOMCLIENT, PRENOMCLIENT) VALUES
(25, 'AMARA', 'Dahbia');
INSERT INTO CLIENT (NUMCLIENT, NOMCLIENT, PRENOMCLIENT) VALUES
(26, 'AROUEL', 'Leila');
INSERT INTO CLIENT (NUMCLIENT, NOMCLIENT, PRENOMCLIENT) VALUES
(27, 'BAALI', 'Souad');
INSERT INTO CLIENT (NUMCLIENT, NOMCLIENT, PRENOMCLIENT) VALUES
(28, 'BABACI', 'Mourad');
INSERT INTO CLIENT (NUMCLIENT, NOMCLIENT, PRENOMCLIENT) VALUES
(29, 'BACHA', 'Nadia');
INSERT INTO CLIENT (NUMCLIENT, NOMCLIENT, PRENOMCLIENT) VALUES
(30, 'BAHBOUH', 'Naima');
INSERT INTO CLIENT (NUMCLIENT, NOMCLIENT, PRENOMCLIENT) VALUES
(31, 'BADI', 'Hatem');
INSERT INTO CLIENT (NUMCLIENT, NOMCLIENT, PRENOMCLIENT) VALUES
(32, 'BAKIR', 'ADEL');
INSERT INTO CLIENT (NUMCLIENT, NOMCLIENT, PRENOMCLIENT) VALUES
(33, 'BALI', 'Malika');
INSERT INTO CLIENT (NUMCLIENT, NOMCLIENT, PRENOMCLIENT) VALUES
(34, 'BASSI', 'Fatima');
INSERT INTO CLIENT (NUMCLIENT, NOMCLIENT, PRENOMCLIENT) VALUES
(35, 'BEHADI', 'Youcef');
INSERT INTO CLIENT (NUMCLIENT, NOMCLIENT, PRENOMCLIENT) VALUES
(36, 'BEKKAT', 'Hadia');
INSERT INTO CLIENT (NUMCLIENT, NOMCLIENT, PRENOMCLIENT) VALUES
(37, 'BELABES', 'Abdelkader');
INSERT INTO CLIENT (NUMCLIENT, NOMCLIENT, PRENOMCLIENT) VALUES
(38, 'BELAKERMI', 'Mohammed');
INSERT INTO CLIENT (NUMCLIENT, NOMCLIENT, PRENOMCLIENT) VALUES
(39, 'BELGHALI', 'Mohammed');
INSERT INTO CLIENT (NUMCLIENT, NOMCLIENT, PRENOMCLIENT) VALUES
(40, 'BELHAMIDI', 'Mustapha');
INSERT INTO CLIENT (NUMCLIENT, NOMCLIENT, PRENOMCLIENT) VALUES
(41, 'BELKACEMI', 'Hocine');
INSERT INTO CLIENT (NUMCLIENT, NOMCLIENT, PRENOMCLIENT) VALUES
(42, 'BELKOUT', 'Tayeb');
INSERT INTO CLIENT (NUMCLIENT, NOMCLIENT, PRENOMCLIENT) VALUES
(43, 'RAHALI', 'Ahcene');
INSERT INTO CLIENT (NUMCLIENT, NOMCLIENT, PRENOMCLIENT) VALUES
(44, 'FERAOUN', 'Houria');
INSERT INTO CLIENT (NUMCLIENT, NOMCLIENT, PRENOMCLIENT) VALUES
(45, 'TERKI', 'Amina');
INSERT INTO CLIENT (NUMCLIENT, NOMCLIENT, PRENOMCLIENT) VALUES
(46, 'CHAOUI', 'Farid');
INSERT INTO CLIENT (NUMCLIENT, NOMCLIENT, PRENOMCLIENT) VALUES
(47, 'BENDALI', 'Hacine');
INSERT INTO CLIENT (NUMCLIENT, NOMCLIENT, PRENOMCLIENT) VALUES
(48, 'CHAKER', 'Nadia');
INSERT INTO CLIENT (NUMCLIENT, NOMCLIENT, PRENOMCLIENT) VALUES
(49, 'BELHAMIDI', 'Mustapha');
INSERT INTO CLIENT (NUMCLIENT, NOMCLIENT, PRENOMCLIENT) VALUES
(50, 'BELKACEMI', 'Hocine');
INSERT INTO CLIENT (NUMCLIENT, NOMCLIENT, PRENOMCLIENT) VALUES
(51, 'BELKOUT', 'Tayeb');
INSERT INTO CLIENT (NUMCLIENT, NOMCLIENT, PRENOMCLIENT) VALUES
(52, 'RAHALI', 'Ahcene');
INSERT INTO CLIENT (NUMCLIENT, NOMCLIENT, PRENOMCLIENT) VALUES
(53, 'FERAOUN', 'Houria');
INSERT INTO CLIENT (NUMCLIENT, NOMCLIENT, PRENOMCLIENT) VALUES
(54, 'TERKI', 'Amina');
INSERT INTO CLIENT (NUMCLIENT, NOMCLIENT, PRENOMCLIENT) VALUES
(55, 'CHAOUI', 'Farid');
INSERT INTO CLIENT (NUMCLIENT, NOMCLIENT, PRENOMCLIENT) VALUES
(56, 'BENDALI', 'Hacine');
INSERT INTO CLIENT (NUMCLIENT, NOMCLIENT, PRENOMCLIENT) VALUES
(57, 'CHAKER', 'Nadia');
INSERT INTO CLIENT (NUMCLIENT, NOMCLIENT, PRENOMCLIENT) VALUES
(58, 'BOULARAS', 'Fatima');
INSERT INTO CLIENT (NUMCLIENT, NOMCLIENT, PRENOMCLIENT) VALUES
(59, 'IGOUDJIL', 'Redouane');
INSERT INTO CLIENT (NUMCLIENT, NOMCLIENT, PRENOMCLIENT) VALUES
(60, 'GHEZALI', 'Lakhdar');
INSERT INTO CLIENT (NUMCLIENT, NOMCLIENT, PRENOMCLIENT) VALUES
(61, 'KOULA', 'Brahim');
INSERT INTO CLIENT (NUMCLIENT, NOMCLIENT, PRENOMCLIENT) VALUES
(62, 'BELAID', 'Layachi');
INSERT INTO CLIENT (NUMCLIENT, NOMCLIENT, PRENOMCLIENT) VALUES
(63, 'CHALABI', 'Mourad');
INSERT INTO CLIENT (NUMCLIENT, NOMCLIENT, PRENOMCLIENT) VALUES
(64, 'MOHAMMEDI', 'Mustapha');
INSERT INTO CLIENT (NUMCLIENT, NOMCLIENT, PRENOMCLIENT) VALUES
(65, 'FEKAR', 'Abdelaziz');
INSERT INTO CLIENT (NUMCLIENT, NOMCLIENT, PRENOMCLIENT) VALUES
(66, 'SAIDOUNI', 'Wafa');
INSERT INTO CLIENT (NUMCLIENT, NOMCLIENT, PRENOMCLIENT) VALUES
(67, 'Yalaoui', 'Lamia');
INSERT INTO CLIENT (NUMCLIENT, NOMCLIENT, PRENOMCLIENT) VALUES
(68, 'AYATA', 'Samia');
INSERT INTO CLIENT (NUMCLIENT, NOMCLIENT, PRENOMCLIENT) VALUES
(69, 'TEBIBEL', 'Nabila');
/
INSERT INTO CHAMBRE (NUMCHAMBRE, NUMHOTEL, ETAGE, TYPECHAMBRE, PRIXNUIT) VALUES
(1, 2, 1, 'simple', 4500);
INSERT INTO CHAMBRE (NUMCHAMBRE, NUMHOTEL, ETAGE, TYPECHAMBRE, PRIXNUIT) VALUES
(1, 4, 0, 'autre', 13000);
INSERT INTO CHAMBRE (NUMCHAMBRE, NUMHOTEL, ETAGE, TYPECHAMBRE, PRIXNUIT) VALUES
(1, 5, 0, 'triple', 7000);
INSERT INTO CHAMBRE (NUMCHAMBRE, NUMHOTEL, ETAGE, TYPECHAMBRE, PRIXNUIT) VALUES
(1, 6, 1, 'double', 6000);
INSERT INTO CHAMBRE (NUMCHAMBRE, NUMHOTEL, ETAGE, TYPECHAMBRE, PRIXNUIT) VALUES
(1, 9, 1, 'simple', 3100);
INSERT INTO CHAMBRE (NUMCHAMBRE, NUMHOTEL, ETAGE, TYPECHAMBRE, PRIXNUIT) VALUES
(1, 11, 0, 'simple', 7800);
INSERT INTO CHAMBRE (NUMCHAMBRE, NUMHOTEL, ETAGE, TYPECHAMBRE, PRIXNUIT) VALUES
(2, 2, 1, 'simple', 4800);
INSERT INTO CHAMBRE (NUMCHAMBRE, NUMHOTEL, ETAGE, TYPECHAMBRE, PRIXNUIT) VALUES
(2, 5, 1, 'simple', 4000);
INSERT INTO CHAMBRE (NUMCHAMBRE, NUMHOTEL, ETAGE, TYPECHAMBRE, PRIXNUIT) VALUES
(2, 6, 1, 'double', 6000);
INSERT INTO CHAMBRE (NUMCHAMBRE, NUMHOTEL, ETAGE, TYPECHAMBRE, PRIXNUIT) VALUES
(2, 9, 1, 'simple', 3100);
INSERT INTO CHAMBRE (NUMCHAMBRE, NUMHOTEL, ETAGE, TYPECHAMBRE, PRIXNUIT) VALUES
(2, 11, 0, 'simple', 7800);
INSERT INTO CHAMBRE (NUMCHAMBRE, NUMHOTEL, ETAGE, TYPECHAMBRE, PRIXNUIT) VALUES
(3, 2, 1, 'double', 7100);
INSERT INTO CHAMBRE (NUMCHAMBRE, NUMHOTEL, ETAGE, TYPECHAMBRE, PRIXNUIT) VALUES
(3, 5, 1, 'double', 5500);
INSERT INTO CHAMBRE (NUMCHAMBRE, NUMHOTEL, ETAGE, TYPECHAMBRE, PRIXNUIT) VALUES
(3, 6, 1, 'double', 6000);
INSERT INTO CHAMBRE (NUMCHAMBRE, NUMHOTEL, ETAGE, TYPECHAMBRE, PRIXNUIT) VALUES
(3, 9, 1, 'simple', 3200);
INSERT INTO CHAMBRE (NUMCHAMBRE, NUMHOTEL, ETAGE, TYPECHAMBRE, PRIXNUIT) VALUES
(3, 11, 0, 'simple', 7800);
INSERT INTO CHAMBRE (NUMCHAMBRE, NUMHOTEL, ETAGE, TYPECHAMBRE, PRIXNUIT) VALUES
(4, 2, 1, 'simple', 5400);
INSERT INTO CHAMBRE (NUMCHAMBRE, NUMHOTEL, ETAGE, TYPECHAMBRE, PRIXNUIT) VALUES
(4, 6, 2, 'double', 6200);
INSERT INTO CHAMBRE (NUMCHAMBRE, NUMHOTEL, ETAGE, TYPECHAMBRE, PRIXNUIT) VALUES
(4, 9, 2, 'simple', 3200);
INSERT INTO CHAMBRE (NUMCHAMBRE, NUMHOTEL, ETAGE, TYPECHAMBRE, PRIXNUIT) VALUES
(4, 11, 0, 'simple', 7800);
INSERT INTO CHAMBRE (NUMCHAMBRE, NUMHOTEL, ETAGE, TYPECHAMBRE, PRIXNUIT) VALUES
(5, 2, 2, 'double', 8600);
INSERT INTO CHAMBRE (NUMCHAMBRE, NUMHOTEL, ETAGE, TYPECHAMBRE, PRIXNUIT) VALUES
(5, 6, 2, 'double', 6200);
INSERT INTO CHAMBRE (NUMCHAMBRE, NUMHOTEL, ETAGE, TYPECHAMBRE, PRIXNUIT) VALUES
(5, 9, 2, 'simple', 3200);
INSERT INTO CHAMBRE (NUMCHAMBRE, NUMHOTEL, ETAGE, TYPECHAMBRE, PRIXNUIT) VALUES
(5, 11, 0, 'simple', 7800);
INSERT INTO CHAMBRE (NUMCHAMBRE, NUMHOTEL, ETAGE, TYPECHAMBRE, PRIXNUIT) VALUES
(6, 2, 2, 'simple', 5800);
INSERT INTO CHAMBRE (NUMCHAMBRE, NUMHOTEL, ETAGE, TYPECHAMBRE, PRIXNUIT) VALUES
(6, 6, 2, 'double', 6200);
INSERT INTO CHAMBRE (NUMCHAMBRE, NUMHOTEL, ETAGE, TYPECHAMBRE, PRIXNUIT) VALUES
(6, 9, 2, 'double', 4800);
INSERT INTO CHAMBRE (NUMCHAMBRE, NUMHOTEL, ETAGE, TYPECHAMBRE, PRIXNUIT) VALUES
(6, 11, 0, 'simple', 7800);
INSERT INTO CHAMBRE (NUMCHAMBRE, NUMHOTEL, ETAGE, TYPECHAMBRE, PRIXNUIT) VALUES
(7, 2, 2, 'simple', 5800);
INSERT INTO CHAMBRE (NUMCHAMBRE, NUMHOTEL, ETAGE, TYPECHAMBRE, PRIXNUIT) VALUES
(7, 11, 0, 'simple', 7800);
INSERT INTO CHAMBRE (NUMCHAMBRE, NUMHOTEL, ETAGE, TYPECHAMBRE, PRIXNUIT) VALUES
(8, 2, 2, 'double', 8600);
INSERT INTO CHAMBRE (NUMCHAMBRE, NUMHOTEL, ETAGE, TYPECHAMBRE, PRIXNUIT) VALUES
(8, 11, 0, 'simple', 7800);
INSERT INTO CHAMBRE (NUMCHAMBRE, NUMHOTEL, ETAGE, TYPECHAMBRE, PRIXNUIT) VALUES
(9, 2, 3, 'suite', 16000);
INSERT INTO CHAMBRE (NUMCHAMBRE, NUMHOTEL, ETAGE, TYPECHAMBRE, PRIXNUIT) VALUES
(9, 11, 0, 'simple', 7800);
INSERT INTO CHAMBRE (NUMCHAMBRE, NUMHOTEL, ETAGE, TYPECHAMBRE, PRIXNUIT) VALUES
(10, 1, 1, 'simple', 7100);
INSERT INTO CHAMBRE (NUMCHAMBRE, NUMHOTEL, ETAGE, TYPECHAMBRE, PRIXNUIT) VALUES
(10, 2, 3, 'suite', 16500);
INSERT INTO CHAMBRE (NUMCHAMBRE, NUMHOTEL, ETAGE, TYPECHAMBRE, PRIXNUIT) VALUES
(10, 7, 1, 'simple', 3100);
INSERT INTO CHAMBRE (NUMCHAMBRE, NUMHOTEL, ETAGE, TYPECHAMBRE, PRIXNUIT) VALUES
(10, 11, 0, 'simple', 7800);
INSERT INTO CHAMBRE (NUMCHAMBRE, NUMHOTEL, ETAGE, TYPECHAMBRE, PRIXNUIT) VALUES
(11, 1, 1, 'simple', 7100);
INSERT INTO CHAMBRE (NUMCHAMBRE, NUMHOTEL, ETAGE, TYPECHAMBRE, PRIXNUIT) VALUES
(11, 4, 1, 'simple', 8400);
INSERT INTO CHAMBRE (NUMCHAMBRE, NUMHOTEL, ETAGE, TYPECHAMBRE, PRIXNUIT) VALUES
(11, 7, 1, 'simple', 3100);
INSERT INTO CHAMBRE (NUMCHAMBRE, NUMHOTEL, ETAGE, TYPECHAMBRE, PRIXNUIT) VALUES
(11, 11, 0, 'simple', 7800);
INSERT INTO CHAMBRE (NUMCHAMBRE, NUMHOTEL, ETAGE, TYPECHAMBRE, PRIXNUIT) VALUES
(12, 1, 1, 'double', 8800);
INSERT INTO CHAMBRE (NUMCHAMBRE, NUMHOTEL, ETAGE, TYPECHAMBRE, PRIXNUIT) VALUES
(12, 4, 1, 'simple', 8400);
INSERT INTO CHAMBRE (NUMCHAMBRE, NUMHOTEL, ETAGE, TYPECHAMBRE, PRIXNUIT) VALUES
(12, 7, 1, 'double', 4200);
INSERT INTO CHAMBRE (NUMCHAMBRE, NUMHOTEL, ETAGE, TYPECHAMBRE, PRIXNUIT) VALUES
(12, 11, 0, 'double', 9100);
INSERT INTO CHAMBRE (NUMCHAMBRE, NUMHOTEL, ETAGE, TYPECHAMBRE, PRIXNUIT) VALUES
(13, 1, 1, 'simple', 6200);
INSERT INTO CHAMBRE (NUMCHAMBRE, NUMHOTEL, ETAGE, TYPECHAMBRE, PRIXNUIT) VALUES
(13, 4, 1, 'simple', 8600);
INSERT INTO CHAMBRE (NUMCHAMBRE, NUMHOTEL, ETAGE, TYPECHAMBRE, PRIXNUIT) VALUES
(13, 11, 0, 'double', 9100);
INSERT INTO CHAMBRE (NUMCHAMBRE, NUMHOTEL, ETAGE, TYPECHAMBRE, PRIXNUIT) VALUES
(14, 4, 1, 'simple', 9000);
INSERT INTO CHAMBRE (NUMCHAMBRE, NUMHOTEL, ETAGE, TYPECHAMBRE, PRIXNUIT) VALUES
(14, 11, 1, 'double', 9100);
INSERT INTO CHAMBRE (NUMCHAMBRE, NUMHOTEL, ETAGE, TYPECHAMBRE, PRIXNUIT) VALUES
(15, 11, 1, 'double', 9100);
INSERT INTO CHAMBRE (NUMCHAMBRE, NUMHOTEL, ETAGE, TYPECHAMBRE, PRIXNUIT) VALUES
(16, 11, 1, 'simple', 7700);
INSERT INTO CHAMBRE (NUMCHAMBRE, NUMHOTEL, ETAGE, TYPECHAMBRE, PRIXNUIT) VALUES
(17, 11, 1, 'simple', 7700);
INSERT INTO CHAMBRE (NUMCHAMBRE, NUMHOTEL, ETAGE, TYPECHAMBRE, PRIXNUIT) VALUES
(18, 11, 1, 'simple', 7700);
INSERT INTO CHAMBRE (NUMCHAMBRE, NUMHOTEL, ETAGE, TYPECHAMBRE, PRIXNUIT) VALUES
(19, 11, 1, 'simple', 7700);
INSERT INTO CHAMBRE (NUMCHAMBRE, NUMHOTEL, ETAGE, TYPECHAMBRE, PRIXNUIT) VALUES
(20, 1, 2, 'double', 9000);
INSERT INTO CHAMBRE (NUMCHAMBRE, NUMHOTEL, ETAGE, TYPECHAMBRE, PRIXNUIT) VALUES
(20, 7, 2, 'simple', 3100);
INSERT INTO CHAMBRE (NUMCHAMBRE, NUMHOTEL, ETAGE, TYPECHAMBRE, PRIXNUIT) VALUES
(20, 11, 1, 'simple', 7700);
INSERT INTO CHAMBRE (NUMCHAMBRE, NUMHOTEL, ETAGE, TYPECHAMBRE, PRIXNUIT) VALUES
(21, 1, 2, 'simple', 6800);
INSERT INTO CHAMBRE (NUMCHAMBRE, NUMHOTEL, ETAGE, TYPECHAMBRE, PRIXNUIT) VALUES
(21, 4, 2, 'double', 12000);
INSERT INTO CHAMBRE (NUMCHAMBRE, NUMHOTEL, ETAGE, TYPECHAMBRE, PRIXNUIT) VALUES
(21, 7, 2, 'simple', 3100);
INSERT INTO CHAMBRE (NUMCHAMBRE, NUMHOTEL, ETAGE, TYPECHAMBRE, PRIXNUIT) VALUES
(21, 11, 1, 'simple', 7500);
INSERT INTO CHAMBRE (NUMCHAMBRE, NUMHOTEL, ETAGE, TYPECHAMBRE, PRIXNUIT) VALUES
(22, 1, 2, 'simple', 6800);
INSERT INTO CHAMBRE (NUMCHAMBRE, NUMHOTEL, ETAGE, TYPECHAMBRE, PRIXNUIT) VALUES
(22, 4, 2, 'double', 13000);
INSERT INTO CHAMBRE (NUMCHAMBRE, NUMHOTEL, ETAGE, TYPECHAMBRE, PRIXNUIT) VALUES
(22, 7, 2, 'double', 4200);
INSERT INTO CHAMBRE (NUMCHAMBRE, NUMHOTEL, ETAGE, TYPECHAMBRE, PRIXNUIT) VALUES
(22, 11, 1, 'simple', 7500);
INSERT INTO CHAMBRE (NUMCHAMBRE, NUMHOTEL, ETAGE, TYPECHAMBRE, PRIXNUIT) VALUES
(23, 1, 2, 'double', 8900);
INSERT INTO CHAMBRE (NUMCHAMBRE, NUMHOTEL, ETAGE, TYPECHAMBRE, PRIXNUIT) VALUES
(23, 11, 1, 'simple', 7500);
INSERT INTO CHAMBRE (NUMCHAMBRE, NUMHOTEL, ETAGE, TYPECHAMBRE, PRIXNUIT) VALUES
(24, 11, 1, 'double', 8000);
INSERT INTO CHAMBRE (NUMCHAMBRE, NUMHOTEL, ETAGE, TYPECHAMBRE, PRIXNUIT) VALUES
(25, 11, 1, 'double', 8000);
INSERT INTO CHAMBRE (NUMCHAMBRE, NUMHOTEL, ETAGE, TYPECHAMBRE, PRIXNUIT) VALUES
(26, 11, 1, 'double', 8000);
INSERT INTO CHAMBRE (NUMCHAMBRE, NUMHOTEL, ETAGE, TYPECHAMBRE, PRIXNUIT) VALUES
(27, 11, 2, 'triple', 10900);
INSERT INTO CHAMBRE (NUMCHAMBRE, NUMHOTEL, ETAGE, TYPECHAMBRE, PRIXNUIT) VALUES
(28, 11, 2, 'triple', 10900);
INSERT INTO CHAMBRE (NUMCHAMBRE, NUMHOTEL, ETAGE, TYPECHAMBRE, PRIXNUIT) VALUES
(29, 11, 2, 'simple', 7200);
INSERT INTO CHAMBRE (NUMCHAMBRE, NUMHOTEL, ETAGE, TYPECHAMBRE, PRIXNUIT) VALUES
(30, 7, 3, 'simple', 3100);
INSERT INTO CHAMBRE (NUMCHAMBRE, NUMHOTEL, ETAGE, TYPECHAMBRE, PRIXNUIT) VALUES
(30, 11, 2, 'simple', 7200);
INSERT INTO CHAMBRE (NUMCHAMBRE, NUMHOTEL, ETAGE, TYPECHAMBRE, PRIXNUIT) VALUES
(31, 4, 3, 'triple', 14500);
INSERT INTO CHAMBRE (NUMCHAMBRE, NUMHOTEL, ETAGE, TYPECHAMBRE, PRIXNUIT) VALUES
(31, 7, 3, 'simple', 3100);
INSERT INTO CHAMBRE (NUMCHAMBRE, NUMHOTEL, ETAGE, TYPECHAMBRE, PRIXNUIT) VALUES
(31, 11, 2, 'simple', 7200);
INSERT INTO CHAMBRE (NUMCHAMBRE, NUMHOTEL, ETAGE, TYPECHAMBRE, PRIXNUIT) VALUES
(32, 4, 3, 'simple', 9000);
INSERT INTO CHAMBRE (NUMCHAMBRE, NUMHOTEL, ETAGE, TYPECHAMBRE, PRIXNUIT) VALUES
(32, 7, 3, 'double', 4200);
INSERT INTO CHAMBRE (NUMCHAMBRE, NUMHOTEL, ETAGE, TYPECHAMBRE, PRIXNUIT) VALUES
(32, 11, 2, 'simple', 7200);
INSERT INTO CHAMBRE (NUMCHAMBRE, NUMHOTEL, ETAGE, TYPECHAMBRE, PRIXNUIT) VALUES
(33, 13, 3, 'simple', 5000);
INSERT INTO CHAMBRE (NUMCHAMBRE, NUMHOTEL, ETAGE, TYPECHAMBRE, PRIXNUIT) VALUES
(40, 7, 4, 'simple', 2000);
INSERT INTO CHAMBRE (NUMCHAMBRE, NUMHOTEL, ETAGE, TYPECHAMBRE, PRIXNUIT) VALUES
(41, 7, 4, 'simple', 2000);
INSERT INTO CHAMBRE (NUMCHAMBRE, NUMHOTEL, ETAGE, TYPECHAMBRE, PRIXNUIT) VALUES
(42, 7, 4, 'simple', 2000);
INSERT INTO CHAMBRE (NUMCHAMBRE, NUMHOTEL, ETAGE, TYPECHAMBRE, PRIXNUIT) VALUES
(43, 7, 4, 'simple', 1800);
INSERT INTO CHAMBRE (NUMCHAMBRE, NUMHOTEL, ETAGE, TYPECHAMBRE, PRIXNUIT) VALUES
(44, 7, 4, 'simple', 1800);
INSERT INTO CHAMBRE (NUMCHAMBRE, NUMHOTEL, ETAGE, TYPECHAMBRE, PRIXNUIT) VALUES
(100, 8, 1, 'simple', 2900);
INSERT INTO CHAMBRE (NUMCHAMBRE, NUMHOTEL, ETAGE, TYPECHAMBRE, PRIXNUIT) VALUES
(100, 10, 1, 'double', 9700);
INSERT INTO CHAMBRE (NUMCHAMBRE, NUMHOTEL, ETAGE, TYPECHAMBRE, PRIXNUIT) VALUES
(101, 3, 1, 'simple', 3200);
INSERT INTO CHAMBRE (NUMCHAMBRE, NUMHOTEL, ETAGE, TYPECHAMBRE, PRIXNUIT) VALUES
(101, 8, 1, 'simple', 2900);
INSERT INTO CHAMBRE (NUMCHAMBRE, NUMHOTEL, ETAGE, TYPECHAMBRE, PRIXNUIT) VALUES
(101, 10, 1, 'double', 11000);
INSERT INTO CHAMBRE (NUMCHAMBRE, NUMHOTEL, ETAGE, TYPECHAMBRE, PRIXNUIT) VALUES
(101, 12, 1, 'double', 13000);
INSERT INTO CHAMBRE (NUMCHAMBRE, NUMHOTEL, ETAGE, TYPECHAMBRE, PRIXNUIT) VALUES
(102, 3, 1, 'simple', 3200);
INSERT INTO CHAMBRE (NUMCHAMBRE, NUMHOTEL, ETAGE, TYPECHAMBRE, PRIXNUIT) VALUES
(102, 8, 1, 'simple', 2800);
INSERT INTO CHAMBRE (NUMCHAMBRE, NUMHOTEL, ETAGE, TYPECHAMBRE, PRIXNUIT) VALUES
(102, 12, 1, 'double', 13000);
INSERT INTO CHAMBRE (NUMCHAMBRE, NUMHOTEL, ETAGE, TYPECHAMBRE, PRIXNUIT) VALUES
(103, 3, 1, 'simple', 3300);
INSERT INTO CHAMBRE (NUMCHAMBRE, NUMHOTEL, ETAGE, TYPECHAMBRE, PRIXNUIT) VALUES
(103, 12, 1, 'double', 13000);
INSERT INTO CHAMBRE (NUMCHAMBRE, NUMHOTEL, ETAGE, TYPECHAMBRE, PRIXNUIT) VALUES
(104, 12, 1, 'double', 13000);
INSERT INTO CHAMBRE (NUMCHAMBRE, NUMHOTEL, ETAGE, TYPECHAMBRE, PRIXNUIT) VALUES
(105, 12, 1, 'double', 13000);
INSERT INTO CHAMBRE (NUMCHAMBRE, NUMHOTEL, ETAGE, TYPECHAMBRE, PRIXNUIT) VALUES
(106, 12, 1, 'double', 14500);
INSERT INTO CHAMBRE (NUMCHAMBRE, NUMHOTEL, ETAGE, TYPECHAMBRE, PRIXNUIT) VALUES
(107, 12, 1, 'double', 14500);
INSERT INTO CHAMBRE (NUMCHAMBRE, NUMHOTEL, ETAGE, TYPECHAMBRE, PRIXNUIT) VALUES
(200, 8, 2, 'simple', 2800);
INSERT INTO CHAMBRE (NUMCHAMBRE, NUMHOTEL, ETAGE, TYPECHAMBRE, PRIXNUIT) VALUES
(200, 10, 2, 'double', 9700);
INSERT INTO CHAMBRE (NUMCHAMBRE, NUMHOTEL, ETAGE, TYPECHAMBRE, PRIXNUIT) VALUES
(201, 3, 2, 'simple', 3200);
INSERT INTO CHAMBRE (NUMCHAMBRE, NUMHOTEL, ETAGE, TYPECHAMBRE, PRIXNUIT) VALUES
(201, 8, 2, 'simple', 2900);
INSERT INTO CHAMBRE (NUMCHAMBRE, NUMHOTEL, ETAGE, TYPECHAMBRE, PRIXNUIT) VALUES
(201, 10, 2, 'double', 9700);
INSERT INTO CHAMBRE (NUMCHAMBRE, NUMHOTEL, ETAGE, TYPECHAMBRE, PRIXNUIT) VALUES
(201, 12, 2, 'double', 14500);
INSERT INTO CHAMBRE (NUMCHAMBRE, NUMHOTEL, ETAGE, TYPECHAMBRE, PRIXNUIT) VALUES
(202, 3, 2, 'simple', 3200);
INSERT INTO CHAMBRE (NUMCHAMBRE, NUMHOTEL, ETAGE, TYPECHAMBRE, PRIXNUIT) VALUES
(202, 8, 2, 'simple', 2900);
INSERT INTO CHAMBRE (NUMCHAMBRE, NUMHOTEL, ETAGE, TYPECHAMBRE, PRIXNUIT) VALUES
(202, 10, 2, 'triple', 14100);
INSERT INTO CHAMBRE (NUMCHAMBRE, NUMHOTEL, ETAGE, TYPECHAMBRE, PRIXNUIT) VALUES
(202, 12, 2, 'double', 14500);
INSERT INTO CHAMBRE (NUMCHAMBRE, NUMHOTEL, ETAGE, TYPECHAMBRE, PRIXNUIT) VALUES
(203, 3, 2, 'simple', 3300);
INSERT INTO CHAMBRE (NUMCHAMBRE, NUMHOTEL, ETAGE, TYPECHAMBRE, PRIXNUIT) VALUES
(203, 12, 2, 'double', 11800);
INSERT INTO CHAMBRE (NUMCHAMBRE, NUMHOTEL, ETAGE, TYPECHAMBRE, PRIXNUIT) VALUES
(204, 12, 2, 'double', 11800);
INSERT INTO CHAMBRE (NUMCHAMBRE, NUMHOTEL, ETAGE, TYPECHAMBRE, PRIXNUIT) VALUES
(205, 12, 2, 'double', 13000);
INSERT INTO CHAMBRE (NUMCHAMBRE, NUMHOTEL, ETAGE, TYPECHAMBRE, PRIXNUIT) VALUES
(206, 12, 2, 'double', 14500);
INSERT INTO CHAMBRE (NUMCHAMBRE, NUMHOTEL, ETAGE, TYPECHAMBRE, PRIXNUIT) VALUES
(207, 12, 2, 'double', 14500);
INSERT INTO CHAMBRE (NUMCHAMBRE, NUMHOTEL, ETAGE, TYPECHAMBRE, PRIXNUIT) VALUES
(208, 14, 1, 'simple', 4500);
INSERT INTO CHAMBRE (NUMCHAMBRE, NUMHOTEL, ETAGE, TYPECHAMBRE, PRIXNUIT) VALUES
(300, 8, 3, 'simple', 3000);
INSERT INTO CHAMBRE (NUMCHAMBRE, NUMHOTEL, ETAGE, TYPECHAMBRE, PRIXNUIT) VALUES
(301, 3, 3, 'simple', 3400);
INSERT INTO CHAMBRE (NUMCHAMBRE, NUMHOTEL, ETAGE, TYPECHAMBRE, PRIXNUIT) VALUES
(301, 8, 3, 'simple', 3100);
INSERT INTO CHAMBRE (NUMCHAMBRE, NUMHOTEL, ETAGE, TYPECHAMBRE, PRIXNUIT) VALUES
(301, 12, 3, 'suite', 19500);
INSERT INTO CHAMBRE (NUMCHAMBRE, NUMHOTEL, ETAGE, TYPECHAMBRE, PRIXNUIT) VALUES
(302, 3, 3, 'simple', 3400);
INSERT INTO CHAMBRE (NUMCHAMBRE, NUMHOTEL, ETAGE, TYPECHAMBRE, PRIXNUIT) VALUES
(302, 8, 3, 'double', 3700);
INSERT INTO CHAMBRE (NUMCHAMBRE, NUMHOTEL, ETAGE, TYPECHAMBRE, PRIXNUIT) VALUES
(302, 12, 3, 'suite', 19500);
INSERT INTO CHAMBRE (NUMCHAMBRE, NUMHOTEL, ETAGE, TYPECHAMBRE, PRIXNUIT) VALUES
(303, 3, 3, 'simple', 3400);
INSERT INTO CHAMBRE (NUMCHAMBRE, NUMHOTEL, ETAGE, TYPECHAMBRE, PRIXNUIT) VALUES
(303, 12, 3, 'suite', 19500);
INSERT INTO CHAMBRE (NUMCHAMBRE, NUMHOTEL, ETAGE, TYPECHAMBRE, PRIXNUIT) VALUES
(401, 3, 4, 'double', 4200);
INSERT INTO CHAMBRE (NUMCHAMBRE, NUMHOTEL, ETAGE, TYPECHAMBRE, PRIXNUIT) VALUES
(401, 8, 4, 'double', 3700);
INSERT INTO CHAMBRE (NUMCHAMBRE, NUMHOTEL, ETAGE, TYPECHAMBRE, PRIXNUIT) VALUES
(402, 3, 4, 'double', 4200);
INSERT INTO CHAMBRE (NUMCHAMBRE, NUMHOTEL, ETAGE, TYPECHAMBRE, PRIXNUIT) VALUES
(402, 8, 4, 'simple', 2000);

/
INSERT INTO RESERVATION (NUMCLIENT, NUMCHAMBRE, NUMHOTEL, DATEDEPART, DATEARRIVEE) VALUES
(1, 1, 5, TO_DATE('2022-05-15', TO_DATE('2022-05-11');
INSERT INTO RESERVATION (NUMCLIENT, NUMCHAMBRE, NUMHOTEL, DATEDEPART, DATEARRIVEE) VALUES
(2, 2, 5, TO_DATE('2022-04-18', TO_DATE('2022-04-11');
INSERT INTO RESERVATION (NUMCLIENT, NUMCHAMBRE, NUMHOTEL, DATEDEPART, DATEARRIVEE) VALUES
(6, 2, 5, TO_DATE('2022-04-06', TO_DATE('2022-04-05');
INSERT INTO RESERVATION (NUMCLIENT, NUMCHAMBRE, NUMHOTEL, DATEDEPART, DATEARRIVEE) VALUES
(6, 30, 7, TO_DATE('2022-05-01', TO_DATE('2022-04-27');
INSERT INTO RESERVATION (NUMCLIENT, NUMCHAMBRE, NUMHOTEL, DATEDEPART, DATEARRIVEE) VALUES
(6, 100, 10, TO_DATE('2022-06-14', TO_DATE('2022-06-11');
INSERT INTO RESERVATION (NUMCLIENT, NUMCHAMBRE, NUMHOTEL, DATEDEPART, DATEARRIVEE) VALUES
(13, 2, 6, TO_DATE('2022-05-10', TO_DATE('2022-05-02');
INSERT INTO RESERVATION (NUMCLIENT, NUMCHAMBRE, NUMHOTEL, DATEDEPART, DATEARRIVEE) VALUES
(14, 2, 6, TO_DATE('2022-05-01', TO_DATE('2022-04-28');
INSERT INTO RESERVATION (NUMCLIENT, NUMCHAMBRE, NUMHOTEL, DATEDEPART, DATEARRIVEE) VALUES
(14, 21, 4, TO_DATE('2022-05-13', TO_DATE('2022-05-12');
INSERT INTO RESERVATION (NUMCLIENT, NUMCHAMBRE, NUMHOTEL, DATEDEPART, DATEARRIVEE) VALUES
(23, 1, 6, TO_DATE('2022-05-09', TO_DATE('2022-05-04');
INSERT INTO RESERVATION (NUMCLIENT, NUMCHAMBRE, NUMHOTEL, DATEDEPART, DATEARRIVEE) VALUES
(28, 100, 8, TO_DATE('2022-05-03', TO_DATE('2022-04-30');
INSERT INTO RESERVATION (NUMCLIENT, NUMCHAMBRE, NUMHOTEL, DATEDEPART, DATEARRIVEE) VALUES
(28, 3, 9, TO_DATE('2022-04-14', TO_DATE('2022-04-13');
INSERT INTO RESERVATION (NUMCLIENT, NUMCHAMBRE, NUMHOTEL, DATEDEPART, DATEARRIVEE) VALUES
(16, 301, 8, TO_DATE('2022-05-03', TO_DATE('2022-05-01');
INSERT INTO RESERVATION (NUMCLIENT, NUMCHAMBRE, NUMHOTEL, DATEDEPART, DATEARRIVEE) VALUES
(20, 2, 9, TO_DATE('2022-05-20', TO_DATE('2022-05-03');
INSERT INTO RESERVATION (NUMCLIENT, NUMCHAMBRE, NUMHOTEL, DATEDEPART, DATEARRIVEE) VALUES
(15, 3, 9, TO_DATE('2022-04-20', TO_DATE('2022-04-15');
INSERT INTO RESERVATION (NUMCLIENT, NUMCHAMBRE, NUMHOTEL, DATEDEPART, DATEARRIVEE) VALUES
(12, 8, 11, TO_DATE('2022-05-10', TO_DATE('2022-05-09');
INSERT INTO RESERVATION (NUMCLIENT, NUMCHAMBRE, NUMHOTEL, DATEDEPART, DATEARRIVEE) VALUES
(3, 9, 11, TO_DATE('2022-04-08', TO_DATE('2022-04-06');
INSERT INTO RESERVATION (NUMCLIENT, NUMCHAMBRE, NUMHOTEL, DATEDEPART, DATEARRIVEE) VALUES
(7, 7, 11, TO_DATE('2006-05-12', TO_DATE('2006-05-07');
INSERT INTO RESERVATION (NUMCLIENT, NUMCHAMBRE, NUMHOTEL, DATEDEPART, DATEARRIVEE) VALUES
(47, 20, 11, TO_DATE('2022-04-08', TO_DATE('2022-04-04');
INSERT INTO RESERVATION (NUMCLIENT, NUMCHAMBRE, NUMHOTEL, DATEDEPART, DATEARRIVEE) VALUES
(44, 5, 11, TO_DATE('2022-05-07', TO_DATE('2022-04-07');
INSERT INTO RESERVATION (NUMCLIENT, NUMCHAMBRE, NUMHOTEL, DATEDEPART, DATEARRIVEE) VALUES
(80, 302, 13, TO_DATE('2022-05-12', TO_DATE('2022-05-07');
INSERT INTO RESERVATION (NUMCLIENT, NUMCHAMBRE, NUMHOTEL, DATEDEPART, DATEARRIVEE) VALUES
(40, 9, 11, TO_DATE('2022-04-14', TO_DATE('2022-04-11');
INSERT INTO RESERVATION (NUMCLIENT, NUMCHAMBRE, NUMHOTEL, DATEDEPART, DATEARRIVEE) VALUES
(40, 8, 2, TO_DATE('2022-05-05', TO_DATE('2022-05-01');
INSERT INTO RESERVATION (NUMCLIENT, NUMCHAMBRE, NUMHOTEL, DATEDEPART, DATEARRIVEE) VALUES
(40, 23, 1, TO_DATE('2022-05-13', TO_DATE('2022-05-09');
INSERT INTO RESERVATION (NUMCLIENT, NUMCHAMBRE, NUMHOTEL, DATEDEPART, DATEARRIVEE) VALUES
(22, 25, 11, TO_DATE('2022-04-05', TO_DATE('2022-04-04');
INSERT INTO RESERVATION (NUMCLIENT, NUMCHAMBRE, NUMHOTEL, DATEDEPART, DATEARRIVEE) VALUES
(112, 1, 5, TO_DATE('2022-06-10', TO_DATE('2022-06-07');
INSERT INTO RESERVATION (NUMCLIENT, NUMCHAMBRE, NUMHOTEL, DATEDEPART, DATEARRIVEE) VALUES
(26, 25, 11, TO_DATE('2022-04-26', TO_DATE('2022-04-22');
INSERT INTO RESERVATION (NUMCLIENT, NUMCHAMBRE, NUMHOTEL, DATEDEPART, DATEARRIVEE) VALUES
(29, 1, 11, TO_DATE('2022-04-08', TO_DATE('2022-04-04');
INSERT INTO RESERVATION (NUMCLIENT, NUMCHAMBRE, NUMHOTEL, DATEDEPART, DATEARRIVEE) VALUES
(37, 302, 8, TO_DATE('2022-05-10', TO_DATE('2022-05-12');
INSERT INTO RESERVATION (NUMCLIENT, NUMCHAMBRE, NUMHOTEL, DATEDEPART, DATEARRIVEE) VALUES
(29, 205, 12, TO_DATE('2022-05-04', TO_DATE('2022-05-09');
INSERT INTO RESERVATION (NUMCLIENT, NUMCHAMBRE, NUMHOTEL, DATEDEPART, DATEARRIVEE) VALUES
(35, 101, 12, TO_DATE('2022-04-04', TO_DATE('2022-05-06');
INSERT INTO RESERVATION (NUMCLIENT, NUMCHAMBRE, NUMHOTEL, DATEDEPART, DATEARRIVEE) VALUES
(35, 2, 5, TO_DATE('2022-05-17', TO_DATE('2022-05-23');
INSERT INTO RESERVATION (NUMCLIENT, NUMCHAMBRE, NUMHOTEL, DATEDEPART, DATEARRIVEE) VALUES
(35, 2, 6, TO_DATE('2022-05-27', TO_DATE('2022-06-02');
INSERT INTO RESERVATION (NUMCLIENT, NUMCHAMBRE, NUMHOTEL, DATEDEPART, DATEARRIVEE) VALUES
(37, 202, 12, TO_DATE('2022-05-11', TO_DATE('2022-05-18');

